"lat","lon","cell_id","year","biomass"
34.3830789622634,-119.506473414174,16,2015,131
34.3830856435393,-119.506147396383,17,2015,314
34.3830923239478,-119.505821378484,18,2015,295
34.3830990034888,-119.505495360478,19,2015,153
34.3831056821625,-119.505169342365,20,2015,121
34.3833492532947,-119.506481473525,24,2015,248
34.3833559346378,-119.506155454688,25,2015,286
34.3833626151135,-119.505829435744,26,2015,203
34.3889536781621,-119.523286797739,51,2015,172
34.3889604052315,-119.522960761389,52,2015,301
34.3889671314333,-119.522634724932,53,2015,231
34.3893525357558,-119.543199347299,81,2015,212
34.3893593159495,-119.542873314432,82,2015,182
34.3893660952757,-119.542547281456,83,2015,231
34.3893999788934,-119.540917114941,88,2015,172
34.3894875246301,-119.523629066501,98,2015,260
34.3894942527024,-119.523303028169,100,2015,645
34.3895009799072,-119.522976989728,102,2015,444
34.3895077062443,-119.522650951179,104,2015,486
34.3896499346886,-119.541903390276,135,2015,337
34.3896634874046,-119.54125132147,138,2015,143
34.3897578118121,-119.523637182925,151,2015,652
34.3897645399521,-119.523311143546,153,2015,888
34.3897712672245,-119.522985104059,155,2015,474
34.3897779936294,-119.522659064464,157,2015,785
34.3900280989804,-119.523645299456,213,2015,953
34.3900348271881,-119.523319259031,215,2015,753
34.3903326346753,-119.535072952705,288,2015,120
34.3903596643062,-119.533768797157,296,2015,137
34.390596159783,-119.535407145829,352,2015,228
34.3906029194277,-119.535081106168,354,2015,736
34.3906096782048,-119.534755066398,356,2015,1051
34.3906164361143,-119.534429026519,358,2015,976
34.3906231931562,-119.534102986532,360,2015,608
34.3906299493306,-119.533776946436,362,2015,342
34.3906367046373,-119.533450906232,364,2015,217
34.3906434590765,-119.533124865919,366,2015,115
34.3906907158577,-119.530842580692,380,2015,212
34.3908260075064,-120.121623289542,413,2015,458
34.3908664444537,-119.535415300446,426,2015,469
34.3908732041664,-119.535089259739,428,2015,765
34.3908799630116,-119.534763218923,430,2015,1284
34.3908867209891,-119.534437177998,432,2015,1527
34.390893478099,-119.534111136965,434,2015,1287
34.3909002343413,-119.533785095824,436,2015,796
34.390906989716,-119.533459054574,438,2015,448
34.3909137442231,-119.533133013215,440,2015,147
34.3909610014799,-119.530850720666,454,2015,337
34.3909677490461,-119.53052467844,456,2015,173
34.3909812415758,-119.529872593662,460,2015,115
34.3911299684624,-119.535749496816,499,2015,105
34.3911367291108,-119.535423455171,501,2015,153
34.3911434888915,-119.535097413418,502,2015,294
34.3911502478046,-119.534771371557,503,2015,362
34.3911570058501,-119.534445329586,504,2015,433
34.391163763028,-119.534119287507,506,2015,595
34.3911705193384,-119.53379324532,508,2015,364
34.391177274781,-119.533467203024,510,2015,268
34.3912245385866,-119.531184903913,524,2015,105
34.3912380347225,-119.530532817477,528,2015,154
34.391244781489,-119.530206774096,530,2015,226
34.3912515273879,-119.529880730607,532,2015,209
34.3912582724192,-119.529554687009,534,2015,190
34.391420532584,-119.534779524299,574,2015,110
34.3914340479434,-119.534127438158,576,2015,126
34.3915285582855,-119.529562823016,604,2015,150
34.3922713702108,-119.54589767645,804,2015,202
34.392278158096,-119.54557163295,806,2015,272
34.3922849451135,-119.545245589341,808,2015,143
34.3924805219805,-119.5488402613,860,2015,148
34.3924873177425,-119.548514217737,862,2015,682
34.392494112637,-119.548188174064,864,2015,617
34.3925009066638,-119.547862130282,867,2015,452
34.3926230507825,-119.541993323553,902,2015,105
34.3926298283243,-119.5416672777,903,2015,210
34.3927449137857,-119.536124481538,939,2015,216
34.3927508037456,-119.548848459671,941,2015,585
34.3927575995761,-119.548522415062,944,2015,501
34.3927643945389,-119.548196370343,946,2015,241
34.3928797761587,-119.542653593432,982,2015,172
34.3928933339817,-119.542001499959,984,2015,153
34.3929001115917,-119.54167545306,985,2015,274
34.3931500592078,-119.542661772039,1073,2015,131
34.3934539550969,-119.729283228458,1182,2015,314
34.3934612318209,-119.72895722859,1185,2015,260
34.3934830567895,-119.727979228285,1192,2015,198
34.393577541461,-119.723741214814,1233,2015,240
34.3935866930704,-119.560618937974,1239,2015,148
34.3935920645557,-119.72308921099,1243,2015,299
34.3935935204096,-119.56029289312,1244,2015,181
34.3936573755528,-119.720155188012,1268,2015,190
34.3936770635623,-119.543330228892,1276,2015,333
34.3936838448475,-119.54300417929,1278,2015,290
34.3937096412684,-119.729944008601,1286,2015,282
34.3937169198001,-119.729618007922,1288,2015,503
34.3937241974645,-119.729292007125,1291,2015,257
34.3937314742617,-119.728966006212,1295,2015,377
34.3937387501917,-119.728640005182,1298,2015,406
34.3937460252544,-119.728314004034,1301,2015,942
34.3937532994499,-119.72798800277,1303,2015,708
34.3938364848701,-119.561605311586,1340,2015,165
34.393843314881,-119.561279266016,1345,2015,720
34.3938501440242,-119.560953220336,1350,2015,989
34.3938569722998,-119.560627174547,1355,2015,533
34.3938637997077,-119.560301128648,1359,2015,577
34.393870626248,-119.559975082639,1363,2015,148
34.3938774519207,-119.55964903652,1366,2015,190
34.3939058572209,-119.721141949252,1376,2015,390
34.3939131123368,-119.720815945421,1378,2015,156
34.3939726040035,-119.730278791084,1395,2015,432
34.3939798834757,-119.729952789476,1397,2015,713
34.3939871620806,-119.729626787751,1399,2015,934
34.3939944398183,-119.729300785909,1402,2015,664
34.3940017166887,-119.72897478395,1406,2015,677
34.3940089926918,-119.728648781875,1409,2015,775
34.3940162678277,-119.728322779682,1412,2015,748
34.3940235420964,-119.727996777373,1415,2015,248
34.3941067638797,-119.561613551407,1452,2015,190
34.3941135939592,-119.561287504791,1457,2015,463
34.3941204231712,-119.560961458065,1462,2015,573
34.3941272515155,-119.56063541123,1466,2015,622
34.3941340789921,-119.560309364285,1469,2015,712
34.3941409056011,-119.55998331723,1473,2015,779
34.3941477313424,-119.559657270065,1476,2015,643
34.3941545562161,-119.559331222791,1479,2015,413
34.3941761014021,-119.7211507019,1485,2015,494
34.394183356591,-119.720824697023,1487,2015,198
34.3942428461237,-119.730287573121,1502,2015,402
34.3942501256691,-119.729961570467,1504,2015,664
34.3942574043472,-119.729635567697,1506,2015,697
34.3942646821581,-119.72930956481,1508,2015,521
34.3942719591017,-119.728983561806,1512,2015,489
34.394279235178,-119.728657558684,1515,2015,473
34.3942865103871,-119.728331555447,1518,2015,364
34.3943975307175,-119.560643648022,1557,2015,172
34.3944111849405,-119.55999155193,1564,2015,182
34.3944180107505,-119.55966550372,1567,2015,423
34.394505807744,-119.730622358857,1588,2015,248
34.3945130882299,-119.730296355275,1589,2015,173
34.3945422015008,-119.728992339778,1598,2015,198
34.394761486043,-119.731283151077,1642,2015,206
34.3947687683367,-119.730957146683,1644,2015,387
34.3950317279017,-119.731291936601,1672,2015,244
34.3957987396606,-119.73327434287,1714,2015,190
34.3958060274511,-119.732948334997,1715,2015,332
34.3960544026943,-119.733935152621,1725,2015,240
34.3960689810237,-119.733283135135,1728,2015,181
34.3960762688875,-119.732957126217,1729,2015,282
34.3963246438968,-119.733943947094,1742,2015,286
34.3965875944731,-119.734278752343,1757,2015,215
34.3975810002731,-119.738226105003,1829,2015,190
34.3976029016128,-119.73724806435,1832,2015,753
34.3976102003246,-119.736922050564,1833,2015,1041
34.3976174981691,-119.736596036661,1834,2015,265
34.3978439381833,-119.738560928134,1849,2015,433
34.397851240438,-119.738234913772,1850,2015,574
34.3978658423453,-119.737582884696,1852,2015,376
34.3978731419979,-119.737256869982,1853,2015,1146
34.3978804407832,-119.736930855151,1854,2015,675
34.3981068750652,-119.738895753356,1867,2015,181
34.3981141782607,-119.738569738066,1868,2015,299
34.3981433823691,-119.737265675731,1872,2015,317
34.3983552000442,-119.739882612754,1879,2015,232
34.3983625059153,-119.73955659677,1880,2015,260
34.398369810919,-119.739230580669,1881,2015,358
34.3983771150553,-119.738904564451,1882,2015,329
34.398618132988,-119.740217444015,1889,2015,319
34.3986254397999,-119.739891427103,1890,2015,484
34.3986327457444,-119.739565410074,1891,2015,270
34.3988737562833,-119.74087829509,1895,2015,270
34.399129375801,-119.741539149995,1902,2015,251
34.3993996151473,-119.741547969925,1907,2015,290
34.40100819531,-119.848613429256,1955,2015,280
34.4012556161198,-119.849600584385,1967,2015,182
34.4012632148941,-119.849274587721,1968,2015,554
34.4012708128011,-119.848948590935,1970,2015,829
34.4012745818473,-119.860367608252,1971,2015,290
34.401278409841,-119.848622594026,1972,2015,818
34.4012822093147,-119.860041614579,1973,2015,692
34.4012860060137,-119.848296596996,1974,2015,622
34.401289835915,-119.859715620783,1975,2015,1706
34.4012936013192,-119.847970599844,1976,2015,766
34.4012974616481,-119.859389626865,1977,2015,1356
34.401305086514,-119.859063632824,1979,2015,270
34.4015258304074,-119.849609752414,2003,2015,417
34.401529535904,-119.86102879997,2004,2015,913
34.4015334292581,-119.849283754704,2005,2015,488
34.4015371651825,-119.860702805496,2006,2015,1372
34.4015410272416,-119.848957756873,2007,2015,838
34.4015447935938,-119.8603768109,2008,2015,1673
34.4015486243578,-119.848631758919,2009,2015,557
34.4015524211379,-119.860050816181,2010,2015,1777
34.4015562206069,-119.848305760843,2011,2015,181
34.4015600478149,-119.85972482134,2012,2015,1947
34.4015638159888,-119.847979762646,2013,2015,198
34.4015676736247,-119.859398826377,2014,2015,1146
34.401613410273,-119.857442854023,2023,2015,240
34.4016210300126,-119.857116858202,2024,2015,192
34.401628648885,-119.856790862259,2025,2015,415
34.4016362668903,-119.856464866193,2026,2015,376
34.4017921172606,-119.861364000227,2047,2015,241
34.4017997474829,-119.86103800483,2049,2015,1656
34.4018073768382,-119.860712009312,2051,2015,2125
34.4018150053262,-119.86038601367,2053,2015,2025
34.401822632947,-119.860060017906,2055,2015,1582
34.4018302597007,-119.85973402202,2056,2015,736
34.4018378855872,-119.859408026011,2058,2015,231
34.4018607580437,-119.858430037249,2065,2015,319
34.4018683804614,-119.85810404075,2068,2015,611
34.401876002012,-119.857778044129,2070,2015,793
34.4018836226955,-119.857452047385,2072,2015,489
34.4018912425117,-119.857126050519,2073,2015,344
34.4018988614608,-119.85680005353,2074,2015,354
34.4019064795427,-119.856474056419,2075,2015,415
34.4019140967573,-119.856148059185,2077,2015,212
34.4019554135077,-119.865937143559,2083,2015,290
34.4020546975824,-119.861699202575,2111,2015,231
34.4020623287486,-119.861373206256,2113,2015,290
34.4020699590477,-119.861047209814,2116,2015,523
34.4020775884797,-119.86072121325,2119,2015,280
34.4020852170444,-119.860395216563,2122,2015,427
34.402092844742,-119.860069219754,2123,2015,407
34.4021309702221,-119.858439233869,2129,2015,528
34.4021385927165,-119.858113236325,2131,2015,1180
34.4021462143438,-119.857787238658,2133,2015,521
34.4021538351039,-119.857461240869,2134,2015,240
34.4021614549967,-119.857135242958,2135,2015,296
34.4021690740224,-119.856809244924,2137,2015,391
34.402176692181,-119.856483246767,2139,2015,291
34.4021843094722,-119.856157248488,2142,2015,358
34.4021919258963,-119.855831250087,2143,2015,364
34.4021995414532,-119.855505251564,2144,2015,443
34.4022071561429,-119.855179252918,2146,2015,264
34.4022179805228,-119.866272359992,2149,2015,358
34.4022256239063,-119.865946364346,2151,2015,338
34.4022277972104,-119.877365396314,2152,2015,374
34.4022332664227,-119.865620368576,2154,2015,266
34.4022409080719,-119.865294372684,2156,2015,378
34.402248548854,-119.864968376669,2158,2015,300
34.4022561887688,-119.864642380532,2160,2015,192
34.4022638278165,-119.864316384271,2163,2015,270
34.402271465997,-119.863990387888,2166,2015,327
34.4022791033104,-119.863664391382,2169,2015,231
34.4023096438919,-119.862360404132,2181,2015,349
34.4023172768693,-119.862034407013,2183,2015,606
34.4023249089795,-119.861708409771,2185,2015,354
34.4023325402226,-119.861382412407,2188,2015,231
34.4023783094699,-119.859426425647,2198,2015,636
34.4023859346426,-119.859100427424,2199,2015,1174
34.4023935589481,-119.85877442908,2200,2015,1006
34.4024011823864,-119.858448430613,2201,2015,494
34.4024088049575,-119.858122432023,2202,2015,339
34.4024240474981,-119.857470434476,2205,2015,204
34.4024316674677,-119.857144435519,2207,2015,422
34.40243928657,-119.85681843644,2209,2015,266
34.4024469048051,-119.856492437238,2212,2015,232
34.402454522173,-119.856166437914,2215,2015,526
34.4024621386737,-119.855840438467,2219,2015,518
34.4024697543072,-119.855514438898,2222,2015,274
34.402472901308,-119.866933574962,2224,2015,260
34.4024805465028,-119.866607578516,2228,2015,437
34.4024881908304,-119.866281581947,2232,2015,304
34.4024903309967,-119.877700647364,2233,2015,231
34.4024958342908,-119.865955585255,2236,2015,207
34.402498004885,-119.877374653933,2237,2015,293
34.4025034768841,-119.86562958844,2239,2015,241
34.4025111186102,-119.865303591503,2242,2015,270
34.4025187594691,-119.864977594442,2245,2015,378
34.4025230394598,-119.853232438491,2246,2015,231
34.4025263994608,-119.864651597259,2247,2015,309
34.4025340385853,-119.864325599954,2249,2015,600
34.4025416768426,-119.863999602525,2251,2015,1036
34.4025493142328,-119.863673604974,2254,2015,834
34.4025569507557,-119.8633476073,2257,2015,358
34.4025722212,-119.862695611584,2263,2015,231
34.4025798551214,-119.862369613542,2266,2015,1724
34.4025874881756,-119.862043615378,2268,2015,2198
34.4025951203626,-119.861717617091,2270,2015,528
34.4026256404386,-119.860413622716,2279,2015,260
34.4026332682896,-119.860087623816,2281,2015,932
34.4026408952734,-119.859761624794,2283,2015,1110
34.40264852139,-119.859435625648,2285,2015,1776
34.4026561466394,-119.859109626381,2287,2015,2015
34.4026637710216,-119.858783626991,2288,2015,1425
34.4026713945366,-119.858457627478,2289,2015,577
34.4026942598783,-119.857479628205,2294,2015,239
34.4027018799244,-119.857153628203,2297,2015,185
34.4027094991034,-119.856827628078,2299,2015,213
34.4027171174151,-119.856501627831,2302,2015,201
34.4027247348597,-119.856175627461,2306,2015,258
34.402732351437,-119.855849626969,2311,2015,156
34.4027507567194,-119.866616801639,2322,2015,202
34.40276053858,-119.877709906151,2327,2015,231
34.4027682125454,-119.877383911675,2331,2015,241
34.4027736873313,-119.865638808427,2334,2015,290
34.4027758856437,-119.877057917076,2335,2015,231
34.4027780326893,-119.853893621448,2336,2015,212
34.4027813291343,-119.865312810444,2337,2015,398
34.4027835578749,-119.876731922353,2338,2015,212
34.4027856431961,-119.8535676201,2339,2015,261
34.40278897007,-119.864986812338,2340,2015,469
34.4027932528356,-119.85324161863,2342,2015,266
34.4027966101386,-119.86466081411,2343,2015,221
34.4028042493399,-119.864334815759,2346,2015,231
34.4028118876741,-119.864008817285,2349,2015,324
34.402819525141,-119.863682818688,2352,2015,447
34.4028271617408,-119.863356819969,2355,2015,280
34.4028424323387,-119.862704822162,2361,2015,270
34.4028500663368,-119.862378823075,2364,2015,1597
34.4028576994678,-119.862052823865,2366,2015,2917
34.4028653317316,-119.861726824533,2368,2015,1421
34.4028958521145,-119.860422825977,2380,2015,1364
34.4029034800422,-119.860096826031,2382,2015,1952
34.4029111071027,-119.859770825963,2384,2015,1788
34.402918733296,-119.859444825773,2386,2015,1758
34.4029263586221,-119.85911882546,2387,2015,1409
34.402933983081,-119.858792825024,2388,2015,732
34.4029720923671,-119.857162821009,2398,2015,241
34.4029797116227,-119.856836819839,2400,2015,356
34.4029873300111,-119.856510818546,2404,2015,212
34.4029903803244,-119.867930018295,2405,2015,202
34.4029949475322,-119.856184817131,2409,2015,156
34.4029980282746,-119.867604020127,2410,2015,192
34.4030077188182,-119.878697150887,2418,2015,202
34.4030153954623,-119.878371155735,2423,2015,270
34.4030230712393,-119.878045160461,2427,2015,182
34.4030384201918,-119.877393169541,2435,2015,221
34.4030438977645,-119.865648028536,2438,2015,474
34.4030460933673,-119.877067173896,2439,2015,349
34.4030482458979,-119.8539028038,2440,2015,251
34.4030515396442,-119.865322029508,2441,2015,192
34.4030537656755,-119.876741178128,2442,2015,202
34.4030558564812,-119.853576801407,2443,2015,203
34.4030614371167,-119.876415182237,2445,2015,192
34.4030634661973,-119.853250798891,2446,2015,220
34.4030691076906,-119.876089186222,2448,2015,319
34.4030767773974,-119.875763190084,2451,2015,329
34.403084446237,-119.875437193823,2454,2015,319
34.4030973727117,-119.863366032761,2459,2015,172
34.4031279107459,-119.862062032475,2471,2015,1289
34.4031355430864,-119.861736032097,2473,2015,1923
34.4031431745597,-119.861410031597,2475,2015,538
34.4031508051658,-119.861084030974,2477,2015,587
34.4031584349046,-119.860758030228,2479,2015,795
34.4031660637763,-119.860432029359,2482,2015,1635
34.4031736917807,-119.860106028369,2484,2015,1833
34.4031813189179,-119.859780027255,2485,2015,1431
34.403188945188,-119.859454026019,2486,2015,787
34.4031965705907,-119.859128024661,2487,2015,425
34.4032423047957,-119.857172013938,2501,2015,270
34.4032452915494,-119.868591243905,2502,2015,231
34.4032499241279,-119.856846011722,2505,2015,270
34.4032529413109,-119.868265244936,2506,2015,246
34.4032548907745,-119.879684400908,2509,2015,212
34.4032575425929,-119.856520009384,2510,2015,213
34.4032605902052,-119.867939245845,2511,2015,542
34.4032682382323,-119.867613246631,2516,2015,577
34.4032758853922,-119.867287247295,2522,2015,498
34.4032779261416,-119.878706413057,2524,2015,270
34.4032835316848,-119.866961247835,2527,2015,173
34.4032856028629,-119.87838041686,2529,2015,727
34.4032932787171,-119.87805442054,2534,2015,707
34.4032988216686,-119.866309248547,2537,2015,474
34.4033009537041,-119.877728424097,2538,2015,378
34.4033064653596,-119.865983248719,2541,2015,478
34.4033141081835,-119.865657248768,2545,2015,636
34.4033163010766,-119.877076430839,2546,2015,202
34.4033184590924,-119.853911986275,2547,2015,221
34.4033217501401,-119.865331248695,2548,2015,260
34.4033239734621,-119.876750434026,2549,2015,241
34.4033260697522,-119.853585982836,2550,2015,231
34.4033293912296,-119.865005248498,2551,2015,251
34.4033336795449,-119.853259979274,2553,2015,187
34.4033393156315,-119.876098440029,2555,2015,329
34.4033412884703,-119.852933975591,2556,2015,241
34.4033469854154,-119.875772442846,2558,2015,574
34.4033488965284,-119.852607971785,2559,2015,216
34.4033546543321,-119.87544644554,2561,2015,505
34.4033565037193,-119.852281967857,2562,2015,236
34.4033599469151,-119.863701246485,2563,2015,182
34.4033623223817,-119.87512044811,2564,2015,251
34.4033675836685,-119.863375245675,2566,2015,212
34.4033752195547,-119.863049244742,2569,2015,444
34.4033828545736,-119.862723243687,2572,2015,300
34.4033981220098,-119.862071241208,2576,2015,275
34.4034057544271,-119.861745239784,2578,2015,1024
34.4034133859771,-119.861419238238,2580,2015,972
34.40342101666,-119.86109323657,2583,2015,1247
34.4034286464756,-119.860767234779,2585,2015,1256
34.403436275424,-119.860441232865,2587,2015,1576
34.4034439035051,-119.860115230829,2589,2015,1248
34.403451530719,-119.85978922867,2592,2015,1064
34.4034591570657,-119.859463226388,2594,2015,356
34.4035001989837,-119.869252473327,2606,2015,266
34.4035048969341,-119.857507210128,2609,2015,231
34.4035078505566,-119.868926473559,2610,2015,850
34.4035125172102,-119.857181206989,2614,2015,251
34.4035155012622,-119.868600473668,2615,2015,1089
34.4035174175848,-119.880019663087,2618,2015,202
34.403520136619,-119.856855203728,2619,2015,260
34.4035231511006,-119.868274473655,2620,2015,788
34.403525097852,-119.879693666338,2622,2015,280
34.4035277551606,-119.856529200345,2623,2015,260
34.4035308000718,-119.867948473518,2624,2015,586
34.403535372835,-119.856203196839,2627,2015,231
34.4035384481758,-119.867622473259,2628,2015,792
34.4035460954126,-119.867296472877,2633,2015,748
34.4035481334508,-119.878715675351,2634,2015,435
34.4035537417822,-119.866970472372,2637,2015,484
34.4035558102494,-119.878389678109,2639,2015,1214
34.4035634861808,-119.878063680743,2644,2015,1006
34.4035690319197,-119.866318470993,2647,2015,162
34.403571161245,-119.877737683254,2649,2015,310
34.4035734481982,-119.854573177474,2650,2015,260
34.4035766756876,-119.865992470119,2652,2015,327
34.4035843185883,-119.865666469123,2656,2015,241
34.4035886722727,-119.853921168871,2658,2015,241
34.4035941812344,-119.876759690047,2660,2015,163
34.4035962830092,-119.853595164387,2661,2015,241
34.4036018528299,-119.876433692065,2664,2015,309
34.4036038928783,-119.85326915978,2665,2015,192
34.4036095235581,-119.87610769396,2668,2015,192
34.4036115018803,-119.852943155051,2669,2015,202
34.4036171934192,-119.875781695731,2671,2015,294
34.4036191100149,-119.8526171502,2672,2015,222
34.4036248624131,-119.87545569738,2674,2015,486
34.4036325305397,-119.875129698905,2677,2015,300
34.4036377946112,-119.863384458712,2679,2015,396
34.4036401977992,-119.874803700307,2680,2015,212
34.4036454305742,-119.863058456734,2682,2015,1304
34.4036478641915,-119.874477701585,2683,2015,192
34.4036530656699,-119.862732454633,2685,2015,1247
34.4036606998984,-119.862406452409,2688,2015,488
34.4036683332596,-119.862080450063,2691,2015,192
34.4036759657537,-119.861754447594,2694,2015,241
34.4036835973805,-119.861428445003,2696,2015,754
34.4036912281401,-119.861102442289,2698,2015,849
34.4036988580324,-119.860776439452,2700,2015,494
34.4037064870575,-119.860450436493,2702,2015,410
34.4037141152154,-119.860124433411,2705,2015,576
34.403721742506,-119.859798430207,2708,2015,680
34.4037293689294,-119.85947242688,2710,2015,207
34.4037627560114,-119.869587705994,2725,2015,347
34.4037704085285,-119.869261705304,2730,2015,1196
34.4037780601782,-119.868935704491,2734,2015,1291
34.4037827296105,-119.857190400163,2737,2015,241
34.4037857109608,-119.868609703555,2738,2015,1472
34.403790349096,-119.856864395856,2741,2015,521
34.4037933608762,-119.868283702496,2742,2015,987
34.4037979677142,-119.856538391427,2745,2015,850
34.4038010099243,-119.867957701314,2746,2015,478
34.4038055854652,-119.856212386876,2749,2015,221
34.4038086581052,-119.867631700009,2750,2015,748
34.403810663003,-119.879050935932,2751,2015,202
34.4038163054189,-119.867305698581,2754,2015,807
34.403818340746,-119.878724937768,2755,2015,250
34.4038239518654,-119.866979697031,2758,2015,905
34.4038260176217,-119.87839893948,2759,2015,418
34.4038315974447,-119.866653695358,2762,2015,474
34.4038336936303,-119.878072941069,2763,2015,378
34.4038468860015,-119.866001691643,2770,2015,163
34.403858885439,-119.85393035159,2778,2015,260
34.4038643889927,-119.876768946192,2782,2015,392
34.4038698123326,-119.865023685149,2785,2015,264
34.4038720606653,-119.876442947165,2786,2015,422
34.4038774527085,-119.864697682739,2788,2015,212
34.4038797314707,-119.876116948014,2789,2015,446
34.4038874014088,-119.87579094874,2792,2015,358
34.4038950704798,-119.875464949343,2795,2015,256
34.4039027386837,-119.875138949822,2798,2015,280
34.4039080055398,-119.863393671871,2800,2015,970
34.4039104060202,-119.874812950179,2801,2015,309
34.4039156415795,-119.863067668848,2803,2015,1716
34.4039180724896,-119.874486950412,2804,2015,410
34.403923276752,-119.862741665702,2806,2015,1225
34.4039257380918,-119.874160950522,2807,2015,300
34.4039309110573,-119.862415662433,2809,2015,862
34.4039334028267,-119.873834950509,2810,2015,241
34.4039385444953,-119.862089659041,2811,2015,548
34.4039461770661,-119.861763655527,2814,2015,335
34.4039538087697,-119.86143765189,2817,2015,413
34.4039614396061,-119.86111164813,2820,2015,376
34.4039843269115,-119.860133636117,2829,2015,192
34.4039919542789,-119.859807631867,2830,2015,270
34.4040253120039,-119.869922940752,2848,2015,425
34.4040300781069,-119.85817760878,2852,2015,251
34.4040329654651,-119.86959693914,2853,2015,826
34.4040347850746,-119.881016192186,2855,2015,406
34.404040618059,-119.869270937404,2857,2015,1226
34.4040424680979,-119.880690193716,2859,2015,878
34.4040482697858,-119.868944935546,2861,2015,1255
34.4040501502541,-119.880364195123,2863,2015,1045
34.4040529419968,-119.857199593459,2864,2015,241
34.4040559206453,-119.868618933564,2865,2015,1301
34.4040578315431,-119.880038196407,2867,2015,192
34.4040605615589,-119.856873588107,2868,2015,280
34.4040635706376,-119.86829293146,2869,2015,1002
34.4040681802537,-119.856547582632,2871,2015,309
34.4040712197627,-119.867966929232,2872,2015,745
34.4040731915194,-119.879386198604,2873,2015,182
34.4040757980813,-119.856221577035,2874,2015,231
34.4040788680205,-119.867640926882,2875,2015,836
34.4040865154111,-119.867314924409,2879,2015,1065
34.4040941619345,-119.866988921813,2882,2015,932
34.4041018075906,-119.866662919095,2885,2015,719
34.4041094523796,-119.866336916253,2888,2015,322
34.4041170963012,-119.866010913289,2891,2015,188
34.4041171665419,-119.84284609506,2892,2015,313
34.4041269241198,-119.87710420241,2897,2015,356
34.4041290985912,-119.853939534432,2898,2015,251
34.4041323815429,-119.865358906991,2901,2015,238
34.4041345967367,-119.87677820246,2902,2015,1192
34.4041367094807,-119.853613527856,2903,2015,212
34.4041400228629,-119.865032903659,2904,2015,763
34.4041422684865,-119.876452202387,2905,2015,1288
34.4041476633157,-119.864706900203,2907,2015,611
34.4041499393691,-119.876126202191,2908,2015,846
34.4041576093844,-119.875800201872,2912,2015,523
34.4041652785325,-119.875474201429,2915,2015,398
34.4041729468134,-119.875148200863,2918,2015,231
34.4041782164543,-119.863402885154,2920,2015,241
34.4041806142271,-119.874822200174,2921,2015,202
34.4041858525708,-119.863076881085,2924,2015,508
34.4041882807736,-119.874496199362,2925,2015,280
34.4041934878201,-119.862750876893,2928,2015,654
34.4041959464529,-119.874170198427,2929,2015,231
34.4042011222021,-119.862424872579,2932,2015,312
34.4042163883645,-119.861772863582,2937,2015,270
34.4042266004978,-119.872866193454,2942,2015,182
34.4042572406672,-119.871562186512,2956,2015,192
34.4042802116884,-119.870584180014,2968,2015,221
34.404287866961,-119.870258177602,2972,2015,300
34.4042955213665,-119.869932175067,2977,2015,516
34.4042973078328,-119.881351461559,2979,2015,172
34.4043031749046,-119.869606172408,2981,2015,519
34.4043049918007,-119.881025462167,2983,2015,679
34.4043079124896,-119.857860799305,2984,2015,280
34.4043108275755,-119.869280169627,2985,2015,590
34.4043126749013,-119.880699462652,2986,2015,1835
34.4043184793792,-119.868954166723,2988,2015,632
34.4043203571347,-119.880373463014,2989,2015,1930
34.4043231543689,-119.857208786877,2990,2015,231
34.4043261303157,-119.868628163696,2991,2015,758
34.4043280385009,-119.880047463252,2992,2015,587
34.4043307740076,-119.85688278048,2993,2015,290
34.4043337803849,-119.868302160547,2994,2015,493
34.4043383927791,-119.85655677396,2996,2015,879
34.4043414295869,-119.867976157274,2997,2015,321
34.4043460106833,-119.856230767317,2999,2015,280
34.4043490779217,-119.867650153878,3000,2015,857
34.4043567253892,-119.86732415036,3003,2015,632
34.4043643719894,-119.866998146718,3006,2015,705
34.4043720177225,-119.866672142954,3009,2015,895
34.4043796625883,-119.866346139067,3012,2015,618
34.4043873065869,-119.866020135057,3015,2015,618
34.4043949497182,-119.865694130925,3018,2015,271
34.4043949636936,-119.842529231629,3019,2015,314
34.4043971317726,-119.877113459846,3020,2015,1006
34.4044025919823,-119.865368126669,3023,2015,319
34.4044048044667,-119.876787458851,3024,2015,1346
34.4044102333791,-119.865042122291,3026,2015,532
34.4044124762936,-119.876461457733,3027,2015,2024
34.4044178739087,-119.86471611779,3029,2015,484
34.4044201472533,-119.876135456491,3030,2015,991
34.4044278173458,-119.875809455127,3033,2015,690
34.404435486571,-119.875483453639,3036,2015,554
34.404443154929,-119.875157452027,3039,2015,143
34.4044560635479,-119.863086093444,3045,2015,241
34.404463698874,-119.862760088207,3049,2015,319
34.4044865996487,-119.861782071759,3061,2015,507
34.4044891468656,-119.873201439774,3062,2015,231
34.4044942315058,-119.861456066032,3065,2015,464
34.4044968091531,-119.8728754373,3066,2015,231
34.4045018624956,-119.861130060181,3069,2015,221
34.4045197908121,-119.871897429142,3076,2015,182
34.4045274496306,-119.871571426177,3079,2015,403
34.4045351075819,-119.871245423088,3082,2015,356
34.404542764666,-119.870919419876,3085,2015,165
34.4045580762325,-119.870267413084,3093,2015,182
34.4045598295552,-119.881686733022,3095,2015,231
34.4045657307148,-119.869941409504,3098,2015,172
34.4045675144676,-119.881360732709,3100,2015,309
34.4045733843299,-119.8696154058,3103,2015,231
34.4045751985126,-119.881034732272,3104,2015,552
34.4045781246943,-119.857869994937,3105,2015,280
34.4045810370778,-119.869289401974,3106,2015,440
34.4045828816906,-119.880708731712,3107,2015,1340
34.4045857461442,-119.857543987739,3108,2015,270
34.4045886889585,-119.868963398024,3109,2015,406
34.4045905640012,-119.880382731028,3110,2015,808
34.4045933667269,-119.857217980418,3111,2015,251
34.4045963399719,-119.868637393952,3112,2015,730
34.4045982454447,-119.880056730221,3113,2015,270
34.4046009864423,-119.856891972975,3114,2015,260
34.4046039901181,-119.868311389756,3115,2015,504
34.4046086052904,-119.85656596541,3117,2015,270
34.404611639397,-119.867985385438,3118,2015,251
34.4046162232712,-119.856239957722,3120,2015,231
34.4046192878087,-119.867659380997,3121,2015,479
34.4046269353531,-119.867333376433,3124,2015,445
34.4046345820303,-119.867007371746,3127,2015,537
34.4046422278402,-119.866681366937,3130,2015,682
34.4046498727829,-119.866355362004,3133,2015,733
34.4046575168583,-119.866029356949,3137,2015,469
34.4046596657727,-119.877448719323,3138,2015,309
34.4046673394112,-119.877122717406,3142,2015,772
34.4046750121825,-119.876796715366,3146,2015,800
34.4046826840865,-119.876470713202,3149,2015,874
34.4046903551234,-119.876144710915,3152,2015,450
34.404698025293,-119.875818708505,3155,2015,621
34.4047056945954,-119.875492705971,3158,2015,251
34.4047133630305,-119.875166703315,3161,2015,202
34.4047210305985,-119.874840700535,3164,2015,212
34.4047491781177,-119.86211728671,3178,2015,462
34.4047568109188,-119.86179128006,3182,2015,300
34.4047644428527,-119.861465273286,3186,2015,165
34.4047670177941,-119.87288468127,3187,2015,192
34.4048053166082,-119.87125466183,3207,2015,182
34.404810216243,-119.859509230072,3209,2015,241
34.4048223502417,-119.882022006577,3214,2015,310
34.4048254671016,-119.858857214687,3216,2015,251
34.4048300360985,-119.881696005341,3218,2015,290
34.4048377210881,-119.881370003983,3222,2015,212
34.4048435937412,-119.869624639315,3225,2015,143
34.4048454052105,-119.8810440025,3226,2015,256
34.4048483368849,-119.857879190691,3227,2015,241
34.404851246566,-119.869298634443,3228,2015,246
34.4048530884657,-119.880718000895,3229,2015,392
34.4048559584115,-119.857553182447,3230,2015,260
34.4048588985236,-119.868972629448,3231,2015,222
34.4048607708536,-119.880391999166,3232,2015,163
34.4048711988628,-119.856901165593,3236,2015,270
34.4048788177875,-119.856575156982,3239,2015,241
34.4048894976816,-119.867668608239,3243,2015,221
34.4048971453029,-119.867342602629,3246,2015,251
34.404904792057,-119.867016596897,3249,2015,290
34.4049124379438,-119.866690591042,3252,2015,260
34.4049200829634,-119.866364585064,3255,2015,514
34.4049221987371,-119.877783980891,3256,2015,552
34.4049277271157,-119.866038578963,3258,2015,190
34.40492987332,-119.877457978052,3259,2015,1025
34.4049375470357,-119.877131975089,3262,2015,944
34.4049452198842,-119.876805972003,3265,2015,998
34.4049528918654,-119.876479968794,3268,2015,876
34.4049605629794,-119.876153965462,3271,2015,851
34.4049657128477,-119.841243472008,3273,2015,319
34.4049682332261,-119.875827962006,3275,2015,1060
34.4049732900655,-119.840917458584,3277,2015,466
34.4049759026056,-119.875501958427,3279,2015,601
34.4049835711179,-119.875175954725,3281,2015,221
34.4050295639796,-119.873219929926,3301,2015,172
34.4050848698922,-119.882357282222,3329,2015,260
34.4050925566935,-119.882031280065,3334,2015,221
34.4051002426276,-119.881705277784,3338,2015,221
34.4051156118941,-119.881053272852,3346,2015,334
34.4051185490614,-119.857888386568,3348,2015,241
34.4051232952266,-119.880727270201,3351,2015,326
34.4051414112692,-119.856910358333,3358,2015,241
34.4051520589748,-119.868003842135,3362,2015,143
34.4051750020696,-119.867025822171,3371,2015,368
34.4051826480333,-119.86669981527,3374,2015,231
34.4051924061931,-119.877793240789,3378,2015,354
34.4052000808532,-119.877467236904,3382,2015,596
34.4052077546461,-119.877141232896,3386,2015,1256
34.4052154275717,-119.876815228764,3389,2015,1523
34.40522309963,-119.87648922451,3392,2015,1037
34.4052307708212,-119.876163220132,3395,2015,1153
34.4052359289364,-119.84125261444,3397,2015,774
34.4052384411451,-119.875837215631,3399,2015,1383
34.4052435062303,-119.840926599969,3401,2015,641
34.4052461106017,-119.875511211006,3403,2015,1158
34.4052537791911,-119.875185206259,3406,2015,788
34.4052614469133,-119.874859201388,3408,2015,557
34.4053396998935,-119.883018562914,3441,2015,192
34.4053473885066,-119.882692559958,3445,2015,396
34.4053550762525,-119.882366556879,3449,2015,354
34.4053735152622,-119.858549602869,3458,2015,390
34.4053858185637,-119.881062543327,3464,2015,285
34.4053887612238,-119.857897582567,3466,2015,251
34.4053935019734,-119.880736539631,3469,2015,412
34.4054011845159,-119.880410535811,3472,2015,408
34.4054088661911,-119.880084531868,3475,2015,528
34.4054165469991,-119.879758527801,3478,2015,212
34.4054779622423,-119.877150490825,3503,2015,572
34.405485635245,-119.876824485649,3506,2015,949
34.4054933073806,-119.876498480348,3509,2015,978
34.4055009786489,-119.876172474925,3514,2015,905
34.405506145011,-119.841261756993,3516,2015,675
34.4055086490499,-119.875846469378,3518,2015,944
34.4055137223811,-119.840935741477,3520,2015,462
34.4055163185837,-119.875520463709,3522,2015,1020
34.405521298884,-119.840609725839,3524,2015,366
34.4055239872502,-119.875194457916,3526,2015,640
34.4055316550495,-119.874868451999,3529,2015,548
34.4056099060851,-119.883027839785,3559,2015,241
34.4056175947755,-119.882701835784,3563,2015,212
34.4056208515799,-119.859536833753,3565,2015,202
34.4056252825987,-119.88237583166,3567,2015,354
34.4056560252191,-119.881071813926,3583,2015,452
34.405658973372,-119.857906778689,3585,2015,241
34.405663708706,-119.880745809184,3587,2015,558
34.4056713913258,-119.880419804319,3590,2015,358
34.4056790730783,-119.88009379933,3593,2015,582
34.4056867539635,-119.879767794218,3596,2015,417
34.4056944339815,-119.879441788982,3599,2015,231
34.4057536439671,-119.8654142269,3624,2015,165
34.4057558429043,-119.876833742656,3625,2015,202
34.4057612857482,-119.865088217294,3627,2015,221
34.405768926662,-119.864762207566,3631,2015,270
34.4057711864624,-119.876181729842,3632,2015,231
34.4057763610715,-119.841270899667,3634,2015,908
34.4057765667085,-119.864436197714,3635,2015,300
34.4057788569406,-119.87585572325,3636,2015,300
34.4057839385179,-119.840944883106,3638,2015,678
34.4057842058877,-119.864110187741,3639,2015,212
34.4057941952951,-119.875203709696,3644,2015,394
34.4058954889308,-119.882385106564,3683,2015,469
34.4059185474288,-119.881407090312,3696,2015,231
34.4059262318603,-119.881081084648,3700,2015,652
34.4059339154245,-119.880755078861,3704,2015,324
34.4059415981216,-119.88042907295,3707,2015,645
34.4059492799513,-119.880103066916,3710,2015,650
34.4059569609138,-119.879777060758,3713,2015,260
34.405993278217,-119.866727488691,3726,2015,241
34.4060009235441,-119.866401478531,3729,2015,300
34.4060085680039,-119.866075468249,3731,2015,280
34.4060238543217,-119.865423447314,3736,2015,206
34.4060465771179,-119.841280042464,3748,2015,936
34.4060541546405,-119.840954024857,3753,2015,348
34.4061580072708,-119.882720387807,3789,2015,386
34.4061656952487,-119.882394381591,3793,2015,361
34.4061733823592,-119.882068375252,3797,2015,202
34.4061964384874,-119.881090355494,3807,2015,182
34.4062041221289,-119.880764348661,3811,2015,339
34.4062118049032,-119.880438341704,3814,2015,386
34.4064205245749,-119.883055671141,3900,2015,457
34.4064282134973,-119.882729664003,3903,2015,528
34.4064359015524,-119.882403656742,3906,2015,212
34.4066907307098,-119.883064948506,3999,2015,314
34.4066984197095,-119.882738940323,4002,2015,543
34.406706107842,-119.882412932017,4005,2015,378
34.4069686259077,-119.882748216767,4100,2015,309
34.4074600449998,-119.82697154112,4248,2015,640
34.4080263797976,-119.883763363639,4386,2015,368
34.4085744828498,-119.883455908903,4509,2015,358
34.4088446887942,-119.883465188303,4570,2015,212
34.4090662778802,-119.827678193748,4609,2015,319
34.4090738197312,-119.827352160582,4612,2015,173
34.4093364969651,-119.82768729396,4663,2015,349
34.4096067160359,-119.827696394293,4722,2015,614
34.4098769350926,-119.827705494747,4783,2015,250
34.4099883385089,-119.641391941689,4812,2015,198
34.4099953840026,-119.641065854156,4815,2015,165
34.4101471541353,-119.827714595322,4843,2015,673
34.4102656452151,-119.641074354532,4865,2015,173
34.4105359064137,-119.641082855021,4902,2015,181
34.4113889467867,-119.639151798195,5034,2015,215
34.4113959865586,-119.638825704637,5035,2015,190
34.4114100634984,-119.638173517182,5038,2015,181
34.4115887621862,-119.642421232677,5073,2015,173
34.4116592083551,-119.639160292857,5086,2015,190
34.4116662481978,-119.638834198252,5087,2015,215
34.4116732871725,-119.638508103534,5088,2015,198
34.4116803252792,-119.638182008704,5089,2015,181
34.4119365098232,-119.63884269198,5145,2015,206
34.4119435488687,-119.638516596216,5146,2015,841
34.4119505870462,-119.638190500339,5147,2015,215
34.4122138105512,-119.638525089011,5202,2015,190
34.4122208487994,-119.638198992087,5204,2015,173
34.4142631644163,-119.643810704813,5743,2015,692
34.4142702171208,-119.643484601327,5746,2015,964
34.4144711130587,-119.804365963606,5838,2015,172
34.4144981479422,-119.645449736339,5849,2015,156
34.4145010308241,-119.803061720147,5851,2015,202
34.4145052050581,-119.645123632373,5853,2015,422
34.4145085080961,-119.802735658982,5855,2015,368
34.4145159845004,-119.802409597697,5857,2015,349
34.414523460037,-119.802083536291,5859,2015,444
34.4145309347059,-119.801757474766,5862,2015,446
34.4145334248406,-119.643819215375,5863,2015,428
34.414538408507,-119.80143141312,5865,2015,231
34.4145608247039,-119.800453227463,5874,2015,319
34.4146530138802,-119.600421209305,5923,2015,190
34.4146599509782,-119.600095092961,5927,2015,190
34.4147787327431,-119.802744680821,5983,2015,190
34.4148011595784,-119.801766493466,5991,2015,182
34.4148086334547,-119.801440430774,5995,2015,231
34.414823578604,-119.80078830503,6002,2015,212
34.4149163456537,-119.60075569769,6056,2015,206
34.4149232836897,-119.600429580411,6060,2015,240
34.4149302208575,-119.60010346302,6064,2015,198
34.4150104303271,-119.646771191373,6102,2015,348
34.4150174910574,-119.646445085768,6105,2015,434
34.4150245509196,-119.646118980048,6108,2015,428
34.4150316099138,-119.645792874216,6111,2015,282
34.4151236838741,-119.799493063599,6141,2015,339
34.4151796764056,-119.601090188169,6171,2015,190
34.4152144180632,-119.807327614172,6191,2015,182
34.4152453730423,-119.648410243257,6211,2015,434
34.4152524381843,-119.648084137172,6216,2015,360
34.4152736284016,-119.647105818235,6224,2015,354
34.4152877508725,-119.646453605043,6230,2015,505
34.4152948108057,-119.646127498277,6233,2015,366
34.4153018698708,-119.645801391398,6236,2015,766
34.4154546775225,-119.808640904962,6290,2015,384
34.4154621698472,-119.808314841657,6293,2015,443
34.4154696613041,-119.807988778231,6298,2015,501
34.4154771518932,-119.807662714685,6303,2015,317
34.4154846416146,-119.807336651018,6310,2015,183
34.4155085663361,-119.648744875945,6326,2015,416
34.4155156324173,-119.648418768927,6332,2015,565
34.4155226976303,-119.648092661795,6337,2015,312
34.4157249007586,-119.808649946114,6395,2015,599
34.4157323931585,-119.808323881762,6398,2015,599
34.4157909730479,-119.793967937236,6432,2015,336
34.4157984263229,-119.793641868527,6434,2015,442
34.4160686530157,-119.79365086155,6491,2015,231
34.4161638265669,-119.894158458953,6506,2015,307
34.4161715469805,-119.893832417208,6508,2015,265
34.4164340296209,-119.894167775408,6561,2015,1590
34.4164417501122,-119.893841732617,6563,2015,1498
34.4165906438135,-119.623651196855,6596,2015,153
34.4165976431862,-119.623325079041,6597,2015,398
34.4166192491442,-119.897763566001,6602,2015,241
34.4166269792562,-119.897437523529,6603,2015,192
34.4167119532296,-119.893851048151,6620,2015,206
34.41673185237,-119.604401669208,6622,2015,338
34.416839904984,-119.624637999213,6654,2015,172
34.4168749065407,-119.623007405466,6665,2015,207
34.416881720258,-119.898098937603,6666,2015,438
34.4168819042473,-119.622681286379,6667,2015,395
34.4168889010857,-119.62235516718,6669,2015,324
34.4168894513153,-119.89777289421,6670,2015,300
34.4168971815051,-119.897446850693,6673,2015,280
34.4169049108273,-119.897120807052,6677,2015,173
34.4169126392819,-119.896794763286,6679,2015,198
34.416920366869,-119.896468719396,6680,2015,215
34.4169673674796,-119.606040674233,6687,2015,231
34.4169743199665,-119.605714550364,6688,2015,442
34.4169812715852,-119.605388426383,6690,2015,354
34.4169882223355,-119.605062302291,6691,2015,366
34.4169951722176,-119.604736178086,6692,2015,373
34.4170021212315,-119.604410053771,6693,2015,294
34.4170751458535,-119.626277045081,6710,2015,251
34.4171828416721,-119.896804088482,6745,2015,165
34.4172376359777,-119.606049064142,6758,2015,416
34.4172445885346,-119.605722939226,6759,2015,303
34.4172584910435,-119.605070689059,6761,2015,212
34.4173292821776,-119.902030132614,6775,2015,241
34.4173370238013,-119.901704088621,6777,2015,232
34.4173447645574,-119.901378044503,6779,2015,314
34.417352504446,-119.901052000261,6783,2015,250
34.417360243467,-119.900725955895,6786,2015,212
34.4173679816204,-119.900399911404,6789,2015,437
34.4173757189063,-119.900073866789,6792,2015,368
34.4173834553245,-119.899747822049,6794,2015,392
34.4173911908753,-119.899421777185,6797,2015,530
34.4173989255584,-119.899095732197,6799,2015,293
34.417453044048,-119.896813413802,6809,2015,202
34.4175079044622,-119.606057454163,6823,2015,230
34.4175839972891,-119.9026915645,6837,2015,280
34.4175917407257,-119.90236551971,6840,2015,368
34.4175994832949,-119.902039474795,6842,2015,398
34.4176072249964,-119.901713429755,6844,2015,358
34.4176149658304,-119.901387384592,6846,2015,373
34.4176227057968,-119.901061339303,6850,2015,466
34.4176304448956,-119.900735293891,6852,2015,294
34.4176381831269,-119.900409248354,6854,2015,440
34.4176459204905,-119.900083202693,6856,2015,275
34.4176536569866,-119.899757156907,6858,2015,364
34.4176613926151,-119.899431110998,6860,2015,586
34.417669127376,-119.899105064964,6861,2015,231
34.4177642649344,-119.606718097981,6877,2015,242
34.4178464538543,-119.90302695461,6892,2015,192
34.4178541982364,-119.902700908897,6894,2015,236
34.417861941751,-119.902374863061,6897,2015,430
34.417869684398,-119.9020488171,6900,2015,396
34.4178774261774,-119.901722771014,6902,2015,264
34.4178851670892,-119.901396724804,6903,2015,352
34.4178929071334,-119.90107067847,6904,2015,371
34.4179006463101,-119.900744632012,6906,2015,231
34.4179238586345,-119.89976649189,6911,2015,260
34.4179315943407,-119.899440444934,6912,2015,290
34.4180243551432,-119.895527871774,6925,2015,186
34.4181089093821,-119.903362346811,6948,2015,207
34.4181166547097,-119.903036300177,6950,2015,270
34.4181243991697,-119.902710253419,6952,2015,484
34.4181321427621,-119.902384206536,6955,2015,552
34.418139885487,-119.902058159529,6957,2015,562
34.4181476273442,-119.901732112398,6958,2015,586
34.4181553683339,-119.901406065142,6959,2015,228
34.4181631084559,-119.901080017761,6960,2015,212
34.4181708477104,-119.900753970257,6961,2015,174
34.4181785860972,-119.900427922628,6962,2015,301
34.4181863236165,-119.900101874875,6963,2015,182
34.4182017960522,-119.899449778995,6965,2015,192
34.4183022822925,-119.895211143665,6980,2015,202
34.41831000593,-119.894885093925,6982,2015,260
34.4183481198474,-119.904675883023,6990,2015,165
34.4183558687233,-119.904349835841,6992,2015,274
34.4183636167316,-119.904023788535,6993,2015,376
34.4183713638723,-119.903697741104,6994,2015,342
34.4183791101454,-119.903371693549,6996,2015,329
34.4183868555509,-119.903045645869,6998,2015,226
34.4183946000888,-119.902719598064,7000,2015,778
34.4184023437591,-119.902393550136,7001,2015,1034
34.4184100865617,-119.902067502083,7002,2015,784
34.4184178284968,-119.901741453905,7003,2015,763
34.4184255695643,-119.901415405603,7004,2015,406
34.4184333097642,-119.901089357177,7005,2015,182
34.4184410490965,-119.900763308626,7006,2015,513
34.4184487875611,-119.900437259951,7007,2015,983
34.4184565251582,-119.900111211152,7008,2015,851
34.4184642618876,-119.899785162228,7009,2015,373
34.4184719977494,-119.899459113181,7010,2015,222
34.4184797327437,-119.899133064008,7011,2015,343
34.4184874668703,-119.898807014712,7012,2015,231
34.4186105704635,-119.905011282173,7027,2015,165
34.4186183202849,-119.90468523407,7028,2015,302
34.4186260692387,-119.904359185842,7029,2015,338
34.4186338173249,-119.904033137489,7030,2015,345
34.4186415645435,-119.903707089012,7032,2015,283
34.4186493108945,-119.903381040411,7034,2015,383
34.4186570563779,-119.903054991685,7035,2015,486
34.4186648009936,-119.902728942835,7036,2015,532
34.4186725447418,-119.90240289386,7037,2015,594
34.4186802876223,-119.902076844761,7038,2015,522
34.4186880296353,-119.901750795537,7039,2015,387
34.4186957707806,-119.901424746189,7040,2015,373
34.4187035110583,-119.901098696717,7041,2015,410
34.4187112504684,-119.90077264712,7042,2015,588
34.4187189890108,-119.900446597399,7043,2015,656
34.4187267266857,-119.900120547554,7044,2015,769
34.418734463493,-119.899794497584,7045,2015,429
34.4187421994326,-119.89946844749,7046,2015,292
34.4187499345045,-119.899142397272,7047,2015,172
34.4188807708089,-119.90502063439,7055,2015,284
34.4188885207083,-119.904694585241,7056,2015,322
34.41889626974,-119.904368535967,7057,2015,476
34.4189040179041,-119.904042486568,7058,2015,294
34.4189117652006,-119.903716437045,7060,2015,332
34.4189195116294,-119.903390387398,7062,2015,454
34.4189272571907,-119.903064337626,7064,2015,467
34.4189350018843,-119.902738287729,7065,2015,424
34.4189427457103,-119.902412237708,7066,2015,218
34.4189504886687,-119.902086187563,7067,2015,429
34.4189582307595,-119.901760137294,7068,2015,478
34.4189659719827,-119.9014340869,7069,2015,390
34.4189737123382,-119.901108036381,7070,2015,390
34.4189814518261,-119.900781985738,7071,2015,413
34.4189891904464,-119.900455934971,7072,2015,305
34.418996928199,-119.90012988408,7073,2015,339
34.4190046650841,-119.899803833064,7074,2015,212
34.4191509711402,-119.905029986732,7084,2015,234
34.4191587211174,-119.904703936536,7085,2015,318
34.4191664702271,-119.904377886216,7086,2015,462
34.419174218469,-119.904051835771,7087,2015,394
34.4191819658434,-119.903725785202,7088,2015,337
34.4191897123502,-119.903399734509,7090,2015,272
34.4191974579893,-119.903073683691,7092,2015,266
34.4192052027608,-119.902747632748,7093,2015,240
34.4192129466647,-119.902421581681,7094,2015,337
34.419220689701,-119.90209553049,7095,2015,690
34.4192284318696,-119.901769479174,7097,2015,725
34.4192361731706,-119.901443427734,7098,2015,672
34.4192439136039,-119.90111737617,7099,2015,612
34.4192516531697,-119.900791324481,7100,2015,434
34.4192593918677,-119.900465272668,7101,2015,260
34.4192671296982,-119.90013922073,7102,2015,339
34.4193979160859,-119.906017492175,7111,2015,442
34.4194056687439,-119.905691441307,7112,2015,394
34.4194134205344,-119.905365390315,7113,2015,392
34.4194211714572,-119.905039339198,7114,2015,388
34.4194289215124,-119.904713287956,7115,2015,382
34.4194366706999,-119.90438723659,7116,2015,491
34.4194444190198,-119.904061185099,7117,2015,376
34.4194521664721,-119.903735133484,7118,2015,165
34.4194599130567,-119.903409081744,7119,2015,425
34.4194676587737,-119.90308302988,7121,2015,548
34.4194754036231,-119.902756977892,7122,2015,444
34.4194831476049,-119.902430925779,7123,2015,460
34.419490890719,-119.902104873541,7124,2015,746
34.4194986329654,-119.90177882118,7126,2015,577
34.4195063743443,-119.901452768693,7127,2015,398
34.4195141148555,-119.901126716083,7128,2015,464
34.419521854499,-119.900800663348,7129,2015,508
34.4195295932749,-119.900474610488,7130,2015,368
34.4195373311832,-119.900148557505,7131,2015,182
34.4196448527411,-119.907005002899,7140,2015,198
34.41965260808,-119.906678951359,7141,2015,560
34.4196603625513,-119.906352899694,7142,2015,518
34.4196681161549,-119.906026847904,7143,2015,439
34.4196758688909,-119.90570079599,7144,2015,355
34.4196836207593,-119.905374743952,7145,2015,225
34.41969137176,-119.905048691788,7146,2015,181
34.4197146195564,-119.904070534552,7149,2015,241
34.4197223670866,-119.90374448189,7150,2015,448
34.4197301137491,-119.903418429105,7151,2015,701
34.419737859544,-119.903092376194,7152,2015,464
34.4197456044713,-119.90276632316,7153,2015,221
34.4197533485309,-119.902440270001,7154,2015,339
34.4197610917228,-119.902114216717,7155,2015,398
34.4197688340471,-119.901788163309,7156,2015,221
34.4198917811056,-119.907992518902,7167,2015,190
34.4198995391253,-119.90766646669,7168,2015,740
34.4199072962775,-119.907340414353,7169,2015,485
34.419915052562,-119.907014361891,7170,2015,602
34.4199228079789,-119.906688309305,7171,2015,576
34.4199305625281,-119.906362256594,7172,2015,416
34.4199383162097,-119.906036203758,7173,2015,745
34.4199460690237,-119.905710150798,7174,2015,386
34.4199848200788,-119.904079884129,7179,2015,290
34.4199925676869,-119.903753830421,7180,2015,320
34.4201542217128,-119.908327934291,7195,2015,165
34.4201619806783,-119.908001881157,7196,2015,248
34.4201697387761,-119.907675827899,7197,2015,425
34.4201774960062,-119.907349774515,7198,2015,487
34.4201852523687,-119.907023721008,7199,2015,368
34.4201930078636,-119.906697667375,7200,2015,292
34.4202007624908,-119.906371613618,7201,2015,220
34.4202085162504,-119.906045559736,7202,2015,190
34.4202162691423,-119.90571950573,7203,2015,328
34.4202240211665,-119.905393451599,7204,2015,257
34.4204244211933,-119.908337297717,7217,2015,215
34.4204321802368,-119.908011243537,7218,2015,190
34.4204399384126,-119.907685189232,7219,2015,403
34.4204476957207,-119.907359134803,7220,2015,316
34.4204554521612,-119.907033080249,7221,2015,221
34.4206946206597,-119.908346661267,7236,2015,376
34.4207023797812,-119.908020606041,7237,2015,223
34.420710138035,-119.90769455069,7238,2015,306
34.4207178954211,-119.907368495215,7239,2015,232
34.4215541239631,-119.951451366277,7291,2015,721
34.4215619981605,-119.951125320307,7293,2015,731
34.4215698714903,-119.95079927421,7295,2015,398
34.4218164377969,-119.951786915805,7312,2015,280
34.4218243129411,-119.951460868915,7314,2015,594
34.4218321872176,-119.951134821899,7316,2015,672
34.4218400606266,-119.950808774757,7318,2015,613
34.4218479331679,-119.950482727488,7320,2015,486
34.4218558048417,-119.950156680092,7321,2015,251
34.4220145710552,-119.909697721471,7325,2015,165
34.422070873632,-119.952448515108,7335,2015,300
34.4220787505905,-119.952122467425,7337,2015,417
34.4220866266814,-119.951796419616,7339,2015,378
34.4220945019047,-119.951470371681,7341,2015,358
34.4221023762604,-119.951144323619,7343,2015,309
34.4221102497485,-119.95081827543,7345,2015,427
34.422118122369,-119.950492227115,7347,2015,750
34.422125994122,-119.950166178674,7348,2015,378
34.4222692414002,-119.910359211589,7352,2015,181
34.422277006196,-119.910033150834,7353,2015,232
34.4222847701242,-119.909707089954,7354,2015,198
34.4223331844386,-119.95278406974,7362,2015,202
34.4223410623439,-119.952458021138,7364,2015,694
34.4223489393816,-119.952131972409,7366,2015,486
34.4223568155516,-119.951805923554,7368,2015,309
34.4223646908541,-119.951479874573,7370,2015,192
34.422372565289,-119.951153825465,7372,2015,163
34.4223804388563,-119.95082777623,7374,2015,398
34.422388311556,-119.950501726869,7375,2015,496
34.422396183388,-119.950175677381,7376,2015,212
34.422523907948,-119.911020705517,7378,2015,165
34.4225316745573,-119.910694643966,7379,2015,156
34.4225394402989,-119.910368582289,7380,2015,181
34.4225472051728,-119.910042520488,7381,2015,173
34.422554969179,-119.909716458562,7382,2015,148
34.4226112510415,-119.952467527295,7391,2015,251
34.4226170499905,-119.907107958664,7392,2015,300
34.4226248061872,-119.906781895616,7394,2015,298
34.4227941066763,-119.911030078435,7403,2015,232
34.4228329314361,-119.909399764198,7408,2015,215
34.4228717345028,-119.907769446842,7413,2015,192
34.4228872496553,-119.907117319027,7416,2015,329
34.4230643053904,-119.911039451478,7423,2015,165
34.4231031305406,-119.909409132009,7428,2015,173
34.4231108929674,-119.909083067741,7429,2015,202
34.4231595056691,-119.952160488121,7438,2015,202
34.4231673820767,-119.951834436128,7439,2015,349
34.4233345040903,-119.911048824645,7444,2015,341
34.4234043744439,-119.90811423794,7453,2015,221
34.4234121334778,-119.907788172127,7455,2015,192
34.4234139388266,-119.952822099311,7456,2015,221
34.4234198916439,-119.907462106189,7457,2015,202
34.4234218170487,-119.952496046524,7458,2015,310
34.4234296944031,-119.952169993611,7459,2015,505
34.42343757089,-119.951843940572,7460,2015,535
34.4234454465092,-119.951517887406,7461,2015,437
34.4234533212607,-119.951191834113,7462,2015,221
34.423604702776,-119.911058197937,7465,2015,409
34.4236124696977,-119.910732132201,7466,2015,1173
34.4236202357516,-119.910406066339,7467,2015,1011
34.4236280009378,-119.910080000353,7468,2015,504
34.4236435287069,-119.909427868006,7470,2015,131
34.4236841273879,-119.95283160702,7479,2015,153
34.4236920056892,-119.952505553187,7481,2015,202
34.4236998831229,-119.952179499228,7482,2015,407
34.4237077596889,-119.951853445143,7483,2015,456
34.4237156353872,-119.95152739093,7484,2015,319
34.4238749014475,-119.911067571354,7488,2015,362
34.4238826684473,-119.910741504571,7489,2015,1443
34.4238904345793,-119.910415437663,7490,2015,1203
34.4238981998436,-119.910089370631,7491,2015,257
34.4239149110177,-119.954471387349,7494,2015,163
34.4239227937364,-119.954145333104,7496,2015,231
34.4239306755875,-119.953819278731,7498,2015,388
34.423938556571,-119.953493224233,7500,2015,153
34.4239621943155,-119.952515059977,7504,2015,231
34.4239700718283,-119.952189004972,7505,2015,231
34.4239779484735,-119.95186294984,7506,2015,143
34.4241528671827,-119.910750877067,7511,2015,486
34.4241772154886,-119.954806955707,7516,2015,202
34.4241850991543,-119.954480900542,7518,2015,361
34.4241929819523,-119.95415484525,7520,2015,372
34.4242008638826,-119.953828789832,7522,2015,368
34.4242087449453,-119.953502734287,7524,2015,172
34.4244075307242,-119.911412387314,7537,2015,336
34.4244395189191,-119.955142526157,7542,2015,182
34.4244463621651,-119.909782042311,7543,2015,832
34.4244474035317,-119.954816470073,7544,2015,275
34.4244552872767,-119.954490413862,7546,2015,231
34.424677729275,-119.911421762151,7569,2015,548
34.4247165611063,-119.909791411918,7576,2015,368
34.4247923819785,-119.917952527751,7587,2015,202
34.4248313009784,-119.916322184779,7590,2015,197
34.4249634633037,-119.910778995302,7596,2015,339
34.4252336619823,-119.910788368297,7625,2015,346
34.4256185434845,-119.917328573078,7664,2015,216
34.4256574549804,-119.91569821316,7667,2015,319
34.42617450513,-119.916695214019,7692,2015,319
34.4262211868466,-119.914738767686,7696,2015,304
34.4264447023306,-119.916704606474,7713,2015,295
34.4264913845166,-119.914748153862,7716,2015,427
34.4278476087874,-119.925891192236,7877,2015,344
34.4281178036941,-119.925900614868,7899,2015,344
34.428125611076,-119.925574535927,7900,2015,172
34.430509728077,-119.950134616427,8140,2015,192
34.4305176005479,-119.949808535298,8142,2015,202
34.4305333428859,-119.94915637266,8145,2015,202
34.4307641692766,-119.950796281982,8193,2015,260
34.4307720435623,-119.950470200059,8195,2015,280
34.4307799169802,-119.95014411801,8197,2015,636
34.4307877895301,-119.949818035834,8199,2015,602
34.4307956612122,-119.949491953532,8201,2015,709
34.4308035320264,-119.949165871103,8203,2015,694
34.4308114019728,-119.948839788548,8204,2015,290
34.4310028518687,-119.952110116395,8247,2015,290
34.4310264827743,-119.951131868627,8252,2015,192
34.4310343580071,-119.950805785784,8254,2015,390
34.431042232372,-119.950479702815,8256,2015,460
34.431050105869,-119.950153619719,8258,2015,832
34.4310579784981,-119.949827536497,8259,2015,1496
34.4310658502593,-119.949501453148,8260,2015,1546
34.4310737211527,-119.949175369673,8262,2015,903
34.4310815911781,-119.948849286071,8264,2015,371
34.4312651614848,-119.952445707893,8312,2015,172
34.4312730402683,-119.95211962451,8313,2015,427
34.4312809181839,-119.951793541001,8315,2015,182
34.4313045467234,-119.950815289713,8321,2015,221
34.4313124211674,-119.950489205697,8323,2015,655
34.4313202947436,-119.950163121555,8324,2015,1112
34.4313281674519,-119.949837037286,8325,2015,1418
34.4313360392922,-119.949510952891,8326,2015,1356
34.4313439102647,-119.949184868369,8328,2015,1070
34.4313517803693,-119.948858783721,8330,2015,660
34.4313596496059,-119.948532698946,8332,2015,202
34.4315826099486,-119.950498708706,8388,2015,396
34.4315904836039,-119.950172623517,8389,2015,728
34.4315983563913,-119.949846538202,8391,2015,1210
34.4316062283108,-119.94952045276,8393,2015,1035
34.4316140993624,-119.949194367191,8395,2015,665
34.4316219695461,-119.948868281497,8397,2015,1011
34.4316298388619,-119.948542195675,8399,2015,782
34.4316377073098,-119.948216109728,8401,2015,290
34.4316455748897,-119.947890023653,8403,2015,143
34.431774013636,-119.953769067233,8440,2015,172
34.43186067245,-119.950182125606,8458,2015,709
34.4318685453166,-119.949856039244,8460,2015,1011
34.4318764173152,-119.949529952755,8462,2015,876
34.4318842884459,-119.94920386614,8464,2015,822
34.4318921587087,-119.948877779399,8466,2015,1322
34.4319000281036,-119.948551692531,8468,2015,1168
34.4319078966306,-119.948225605537,8470,2015,542
34.4319157642896,-119.947899518416,8472,2015,231
34.4319236310807,-119.947573431169,8474,2015,192
34.431931497004,-119.947247343795,8476,2015,192
34.4320205489109,-119.954756838249,8499,2015,143
34.432036318236,-119.95410466685,8503,2015,163
34.4320836053814,-119.952148149615,8511,2015,290
34.4320914835346,-119.951822062965,8513,2015,280
34.4320993608199,-119.95149597619,8515,2015,212
34.4321072372372,-119.951169889287,8517,2015,202
34.4321151127867,-119.950843802258,8519,2015,290
34.4321229874683,-119.950517715103,8521,2015,349
34.4321308612818,-119.950191627821,8523,2015,469
34.4321387342275,-119.949865540412,8525,2015,1066
34.4321466063053,-119.949539452878,8527,2015,1663
34.4321544775151,-119.949213365216,8529,2015,1624
34.4321623478571,-119.948887277428,8531,2015,1702
34.4321702173311,-119.948561189514,8533,2015,1106
34.4321780859371,-119.948235101473,8535,2015,724
34.4321859536752,-119.947909013305,8537,2015,822
34.4321938205454,-119.947582925012,8539,2015,699
34.4322016865477,-119.947256836591,8541,2015,221
34.4322749636643,-119.955418528227,8560,2015,241
34.4322828505759,-119.955092441798,8562,2015,417
34.4322907366196,-119.954766355243,8564,2015,290
34.4322986217953,-119.95444026856,8566,2015,251
34.4323065061031,-119.954114181751,8568,2015,309
34.4323143895431,-119.953788094815,8570,2015,280
34.4323222721151,-119.953462007753,8572,2015,339
34.4323301538192,-119.953135920563,8574,2015,417
34.4323380346554,-119.952809833247,8576,2015,260
34.4323459146236,-119.952483745805,8578,2015,250
34.4323537937239,-119.952157658236,8580,2015,444
34.4323616719563,-119.95183157054,8582,2015,523
34.4323695493208,-119.951505482718,8584,2015,518
34.4323774258174,-119.951179394769,8586,2015,488
34.4323853014459,-119.950853306693,8587,2015,640
34.4323931762066,-119.950527218491,8589,2015,577
34.4324010500994,-119.950201130163,8591,2015,310
34.4324089231243,-119.949875041708,8593,2015,665
34.4324167952811,-119.949548953126,8595,2015,1153
34.4324246665701,-119.949222864418,8597,2015,1172
34.4324325369911,-119.948896775583,8599,2015,854
34.4324404065442,-119.948570686622,8601,2015,817
34.4324482752294,-119.948244597535,8603,2015,858
34.4324561430466,-119.947918508321,8605,2015,592
34.4324640099959,-119.947592418981,8607,2015,425
34.4325451512001,-119.955428047441,8628,2015,329
34.432553038191,-119.955101959966,8630,2015,339
34.4325609243139,-119.954775872363,8632,2015,339
34.4325688095689,-119.954449784634,8634,2015,479
34.432576693956,-119.954123696778,8636,2015,275
34.4325845774752,-119.953797608796,8638,2015,425
34.4325924601265,-119.953471520687,8640,2015,898
34.4326003419098,-119.953145432451,8642,2015,1054
34.4326082228252,-119.952819344089,8643,2015,782
34.4326161028726,-119.952493255599,8645,2015,728
34.4326239820522,-119.952167166984,8647,2015,383
34.4326397378074,-119.951514989372,8652,2015,231
34.4326476143831,-119.951188900377,8654,2015,437
34.4326554900909,-119.950862811255,8655,2015,231
34.4326633649308,-119.950536722006,8657,2015,221
34.4326712389027,-119.950210632631,8659,2015,212
34.4326791120067,-119.949884543129,8661,2015,270
34.4326869842427,-119.949558453501,8663,2015,260
34.4326948556108,-119.949232363747,8665,2015,329
34.432702726111,-119.948906273865,8667,2015,484
34.4327105957432,-119.948580183858,8669,2015,498
34.4327184645074,-119.948254093724,8671,2015,270
34.4328153387217,-119.955437566782,8696,2015,417
34.4328232257918,-119.955111478259,8698,2015,447
34.432831111994,-119.954785389611,8700,2015,474
34.4328389973283,-119.954459300835,8702,2015,709
34.4328468817947,-119.954133211932,8704,2015,606
34.4328547653931,-119.953807122903,8706,2015,660
34.4328626481236,-119.953481033748,8708,2015,646
34.4328705299861,-119.953154944465,8710,2015,388
34.4328784109807,-119.952828855056,8711,2015,349
34.4328862911074,-119.95250276552,8713,2015,241
34.4328941703661,-119.952176675858,8715,2015,192
34.4330539689518,-119.956751443256,8768,2015,212
34.433061859573,-119.956425354195,8770,2015,231
34.4330697493262,-119.956099265006,8772,2015,221
34.433075153763,-119.944676578709,8773,2015,206
34.4330776382115,-119.955773175691,8774,2015,349
34.4330855262289,-119.955447086249,8776,2015,358
34.4330908697507,-119.944024393188,8777,2015,246
34.4330934133784,-119.95512099668,8778,2015,241
34.4331012996598,-119.954794906985,8780,2015,309
34.4331091850734,-119.954468817162,8783,2015,466
34.433117069619,-119.954142727213,8785,2015,388
34.4331249532967,-119.953816637138,8787,2015,260
34.4333004788184,-119.957739236601,8851,2015,212
34.4333083721227,-119.957413146873,8854,2015,304
34.4333162645591,-119.957087057018,8857,2015,663
34.4333241561275,-119.956760967037,8860,2015,456
34.4333399366606,-119.956108786693,8866,2015,548
34.4333478256252,-119.955782696332,8869,2015,398
34.4333557137219,-119.955456605843,8872,2015,349
34.4333610600277,-119.944033876023,8874,2015,270
34.4333767727015,-119.943381687904,8880,2015,236
34.4333846277364,-119.943055593656,8883,2015,332
34.4335627714902,-119.958074854296,8938,2015,498
34.4335706657418,-119.957748763648,8940,2015,678
34.4335785591255,-119.957422672874,8942,2015,1143
34.4335864516413,-119.957096581972,8944,2015,1080
34.433594343289,-119.956770490944,8946,2015,786
34.4336022340689,-119.956444399789,8948,2015,172
34.4336101239808,-119.956118308507,8951,2015,241
34.4336548182361,-119.943065073477,8967,2015,156
34.4338329583201,-119.958084382516,9017,2015,673
34.4338408526511,-119.957758290822,9019,2015,908
34.4338487461141,-119.957432199001,9021,2015,726
34.4338566387092,-119.957106107053,9023,2015,398
34.434111039546,-119.957767818123,9090,2015,319
34.4411133296349,-119.970091495776,9376,2015,381
34.4411212574425,-119.969765379348,9377,2015,163
34.4413755844322,-119.970427182716,9386,2015,241
34.4413835131877,-119.970101065369,9387,2015,251
34.4573291753137,-120.00363839366,9563,2015,225
34.4573371958763,-120.003312224195,9564,2015,468
34.4576209936378,-120.089506080298,9577,2015,319
34.4576457401622,-120.088527646385,9580,2015,254
34.4578746443737,-120.090168331128,9588,2015,438
34.4578828959032,-120.089842185841,9589,2015,553
34.4578911465643,-120.089516040421,9590,2015,264
34.4579158933373,-120.088537603366,9593,2015,195
34.4579241405249,-120.088211457416,9594,2015,324
34.4581365446391,-120.090504439681,9608,2015,577
34.4581447971199,-120.090178293479,9609,2015,591
34.4581530487322,-120.089852147144,9610,2015,354
34.4581612994763,-120.089526000677,9611,2015,230
34.4581695493519,-120.089199854077,9612,2015,444
34.4581777983591,-120.088873707345,9613,2015,454
34.4581860464979,-120.08854756048,9614,2015,804
34.4581942937684,-120.088221413482,9615,2015,1048
34.4582025401704,-120.087895266352,9616,2015,364
34.4584066972879,-120.090514403211,9631,2015,642
34.4584149498516,-120.090188255962,9632,2015,799
34.4584232015468,-120.08986210858,9633,2015,562
34.4584314523738,-120.089535961065,9634,2015,1003
34.4584397023322,-120.089209813418,9635,2015,1389
34.4584479514224,-120.088883665638,9636,2015,1848
34.4584561996441,-120.088557517726,9637,2015,2370
34.4584644469974,-120.088231369681,9638,2015,2300
34.4584726934822,-120.087905221504,9639,2015,1700
34.4584809390988,-120.087579073194,9640,2015,803
34.4586768499221,-120.090524366874,9664,2015,1162
34.4586851025688,-120.090198218578,9665,2015,1629
34.4586933543469,-120.089872070148,9666,2015,470
34.4587016052568,-120.089545921586,9667,2015,1602
34.4587098552981,-120.089219772892,9668,2015,1945
34.4587181044711,-120.088893624065,9669,2015,2692
34.4587263527757,-120.088567475105,9670,2015,2903
34.4587346002119,-120.088241326013,9671,2015,2190
34.4587428467796,-120.087915176788,9672,2015,1484
34.458751092479,-120.08758902743,9673,2015,1195
34.4588644274841,-120.093795816814,9693,2015,242
34.458938748944,-120.090860479882,9711,2015,251
34.4589470025419,-120.09053433067,9713,2015,628
34.4589552552715,-120.090208181326,9714,2015,935
34.4589717581253,-120.08955588224,9716,2015,212
34.4589800082496,-120.089229732498,9717,2015,474
34.4589882575054,-120.088903582623,9718,2015,2274
34.4589965058929,-120.088577432616,9719,2015,2014
34.4590047534119,-120.088251282476,9720,2015,1653
34.4590130000625,-120.087925132204,9721,2015,1590
34.4590212458448,-120.087598981799,9722,2015,2065
34.4590294907585,-120.087272831262,9723,2015,1293
34.4590932587506,-120.095436534547,9734,2015,212
34.4591015245892,-120.095110386147,9736,2015,347
34.4591097895595,-120.094784237613,9738,2015,581
34.4591180536613,-120.094458088947,9740,2015,574
34.4591263168947,-120.094131940148,9743,2015,674
34.4591345792597,-120.093805791217,9745,2015,942
34.4591428407564,-120.093479642152,9747,2015,747
34.4591511013845,-120.093153492955,9749,2015,330
34.4591593611443,-120.092827343625,9752,2015,314
34.4591676200357,-120.092501194162,9754,2015,270
34.4591841352132,-120.091848894839,9759,2015,241
34.4591923914993,-120.091522744978,9762,2015,472
34.459200646917,-120.091196594984,9765,2015,443
34.4592171551472,-120.090544294599,9769,2015,192
34.4592254079597,-120.090218144207,9770,2015,1327
34.4592336599037,-120.089891993683,9771,2015,280
34.4592501611865,-120.089239692237,9774,2015,831
34.4592584105252,-120.088913541315,9775,2015,2436
34.4592666589956,-120.08858739026,9776,2015,2419
34.4592749065975,-120.088261239073,9778,2015,2078
34.459283153331,-120.087935087753,9780,2015,1672
34.459291399196,-120.087608936301,9781,2015,1575
34.4592996441926,-120.087282784716,9782,2015,1011
34.459338607121,-120.096424961866,9785,2015,325
34.4593468756479,-120.096098812817,9786,2015,500
34.4593551433064,-120.095772663635,9787,2015,546
34.4593634100965,-120.09544651432,9789,2015,1527
34.4593716760182,-120.095120364872,9791,2015,1773
34.4593799410715,-120.094794215291,9793,2015,1409
34.4593882052564,-120.094468065578,9795,2015,1800
34.4593964685728,-120.094141915731,9797,2015,2430
34.4594047310209,-120.093815765752,9799,2015,2782
34.4594129926005,-120.09348961564,9801,2015,1836
34.4594212533117,-120.093163465396,9803,2015,1122
34.4594295131545,-120.092837315018,9805,2015,2486
34.4594377721288,-120.092511164508,9808,2015,2084
34.4594460302348,-120.092185013865,9810,2015,742
34.4594542874722,-120.091858863089,9812,2015,560
34.4594625438413,-120.091532712181,9815,2015,182
34.459487307738,-120.09055425866,9823,2015,212
34.4594955606334,-120.090228107221,9824,2015,911
34.4595038126604,-120.089901955649,9825,2015,580
34.4596004887248,-120.096761094877,9848,2015,393
34.4596087582033,-120.096434944914,9849,2015,1249
34.4596170268133,-120.096108794817,9850,2015,967
34.4596252945548,-120.095782644588,9852,2015,2395
34.459633561428,-120.095456494225,9856,2015,2494
34.4596418274328,-120.09513034373,9861,2015,3422
34.4596500925691,-120.094804193102,9866,2015,3552
34.459658356837,-120.094478042341,9871,2015,2666
34.4596666202365,-120.094151891447,9874,2015,2277
34.4596748827675,-120.09382574042,9875,2015,1602
34.4596831444301,-120.093499589261,9877,2015,930
34.4596914052243,-120.093173437969,9880,2015,1678
34.4596996651501,-120.092847286544,9883,2015,2298
34.4597079242074,-120.092521134986,9886,2015,1472
34.4597161823963,-120.092194983296,9888,2015,153
34.4598623692796,-120.097097229984,9927,2015,240
34.4598706397095,-120.096771079106,9930,2015,1598
34.459878909271,-120.096444928094,9934,2015,1134
34.4598871779641,-120.09611877695,9937,2015,1851
34.4598910016362,-120.063799523245,9939,2015,894
34.4598954457887,-120.095792625673,9940,2015,3846
34.4598991832342,-120.063473362024,9944,2015,1363
34.459903712745,-120.095466474263,9945,2015,2498
34.4599073639637,-120.063147200671,9948,2015,736
34.4599119788328,-120.095140322721,9949,2015,1785
34.4599155438246,-120.062821039186,9952,2015,656
34.4599202440521,-120.094814171045,9953,2015,1811
34.4599285084031,-120.094488019237,9957,2015,1057
34.4599367718856,-120.094161867296,9960,2015,1986
34.4599450344997,-120.093835715222,9962,2015,620
34.4599615571225,-120.093183410675,9970,2015,1061
34.4599698171312,-120.092857258203,9973,2015,1074
34.4600626328041,-120.056950110002,9988,2015,319
34.460070796163,-120.056623946022,9990,2015,515
34.4601202395687,-120.065440210782,10008,2015,853
34.4601284255915,-120.065114049171,10011,2015,1042
34.4601325201666,-120.097107215392,10012,2015,580
34.4601366107458,-120.064787887428,10014,2015,421
34.4601407906797,-120.096781063466,10015,2015,1394
34.4601490603243,-120.096454911408,10018,2015,928
34.4601573291004,-120.096128759216,10021,2015,2516
34.4601655970082,-120.095802606892,10024,2015,2156
34.4601693426777,-120.063483239141,10027,2015,173
34.4601738640474,-120.095476454435,10028,2015,3062
34.4601775234894,-120.063157076741,10031,2015,421
34.4601821302183,-120.095150301844,10032,2015,1650
34.4601857034326,-120.062830914209,10035,2015,291
34.4601903955207,-120.094824149121,10036,2015,986
34.4601986599546,-120.094497996266,10039,2015,387
34.4602069235202,-120.094171843277,10042,2015,318
34.4602511117107,-120.060221609222,10054,2015,492
34.4602592838371,-120.059895445507,10055,2015,374
34.4602756254842,-120.059243117684,10057,2015,758
34.4602837950049,-120.058916953576,10058,2015,861
34.46033279389,-120.056959966167,10067,2015,300
34.4603409573309,-120.05663380114,10069,2015,1232
34.4603491199032,-120.056307635981,10071,2015,447
34.4603572816071,-120.055981470692,10074,2015,212
34.4603736024091,-120.055329139718,10080,2015,319
34.4603740236887,-120.066102419239,10081,2015,326
34.4603817615073,-120.055002974035,10083,2015,290
34.4603822115308,-120.065776256844,10084,2015,1668
34.4603903985044,-120.065450094316,10087,2015,1477
34.4603943995746,-120.097443353774,10088,2015,492
34.4603985846095,-120.065123931658,10090,2015,993
34.4604026710392,-120.097117200934,10091,2015,761
34.4604109416353,-120.09679104796,10094,2015,433
34.460419211363,-120.096464894854,10097,2015,885
34.4604274802223,-120.096138741615,10100,2015,1116
34.4604357482131,-120.095812588243,10103,2015,794
34.4604440153354,-120.095486434739,10106,2015,1034
34.4605457859812,-120.059252981314,10123,2015,288
34.4606278039911,-120.066764631492,10137,2015,248
34.4606359936526,-120.066438468312,10139,2015,946
34.4606441824455,-120.066112305001,10142,2015,1914
34.4606523703699,-120.065786141557,10146,2015,2538
34.4606562779335,-120.09777949425,10147,2015,165
34.4606605574257,-120.065459977983,10149,2015,784
34.4606645503496,-120.097453340496,10150,2015,472
34.460668743613,-120.065133814276,10152,2015,611
34.4606728218973,-120.097127186608,10153,2015,248
34.4606769289318,-120.064807650438,10155,2015,173
34.4607074132061,-120.041956239324,10166,2015,636
34.4607096615216,-120.063502993771,10167,2015,173
34.4607155366925,-120.041630068276,10169,2015,569
34.4608979625689,-120.066774519481,10187,2015,438
34.4609061523126,-120.066448355253,10188,2015,913
34.460909881007,-120.098441791358,10189,2015,173
34.4609143411878,-120.066122190894,10190,2015,1778
34.4609225291945,-120.065796026403,10193,2015,1840
34.4609307163326,-120.06546986178,10196,2015,566
34.4609389026022,-120.065143697026,10200,2015,198
34.4609694536049,-120.042292219393,10210,2015,690
34.4609775780416,-120.041966047428,10212,2015,839
34.4611681211321,-120.0667844076,10226,2015,623
34.4611763109582,-120.066458242325,10229,2015,1640
34.4611844999157,-120.066132076918,10231,2015,776
34.4611926880046,-120.06580591138,10234,2015,440
34.4615712432045,-120.104342577611,10283,2015,260
34.4615795333224,-120.104016422328,10285,2015,241
34.461587822572,-120.103690266912,10287,2015,505
34.4615961109531,-120.103364111363,10288,2015,545
34.4616043984657,-120.10303795568,10289,2015,392
34.4616126851099,-120.102711799865,10290,2015,417
34.4618082226698,-120.105657210984,10312,2015,270
34.4618165163449,-120.105331055187,10314,2015,329
34.4618248091516,-120.105004899256,10316,2015,388
34.4618331010899,-120.104678743192,10318,2015,270
34.4618413921596,-120.104352586995,10320,2015,378
34.4618496823609,-120.104026430665,10322,2015,618
34.4618579716937,-120.103700274202,10324,2015,990
34.4618662601581,-120.103374117605,10325,2015,649
34.461874547754,-120.103047960875,10326,2015,1035
34.4618828344814,-120.102721804012,10327,2015,362
34.4618911203403,-120.102395647015,10328,2015,182
34.4620700766502,-120.105993381403,10346,2015,554
34.4620783712771,-120.105667224692,10348,2015,1030
34.4620866650356,-120.105341067847,10350,2015,1405
34.4620949579256,-120.105014910869,10352,2015,1313
34.4621032499472,-120.104688753758,10354,2015,855
34.4621115411003,-120.104362596513,10356,2015,411
34.4621198313849,-120.104036439135,10358,2015,1528
34.462128120801,-120.103710281624,10360,2015,792
34.4621364093486,-120.10338412398,10361,2015,619
34.4621446970278,-120.103057966203,10362,2015,390
34.4621529838384,-120.102731808292,10363,2015,279
34.4621612697806,-120.102405650248,10364,2015,570
34.462315335818,-120.106981868769,10373,2015,231
34.4623402251597,-120.106003396292,10378,2015,570
34.46234851987,-120.105677238533,10380,2015,1240
34.4623568137119,-120.105351080641,10381,2015,2860
34.4623651066852,-120.105024922615,10382,2015,2752
34.46237339879,-120.104698764456,10383,2015,1734
34.4623816900264,-120.104372606164,10384,2015,1622
34.4623899803943,-120.104046447739,10385,2015,1174
34.4624148462871,-120.103067971664,10388,2015,181
34.462423133181,-120.102741812705,10389,2015,480
34.4624314192064,-120.102415653614,10390,2015,985
34.4624397043634,-120.102089494389,10391,2015,198
34.4625771857953,-120.107318045206,10396,2015,512
34.462585484063,-120.106991886933,10397,2015,758
34.462593781462,-120.106665728527,10398,2015,422
34.4626020779926,-120.106339569987,10399,2015,561
34.4626103736548,-120.106013411314,10400,2015,739
34.4626186684484,-120.105687252507,10401,2015,1444
34.4626269623735,-120.105361093568,10402,2015,2162
34.4626352554302,-120.105034934495,10403,2015,2677
34.4626435476184,-120.104708775288,10404,2015,934
34.462651838938,-120.104382615949,10405,2015,1126
34.4626601293892,-120.104056456476,10406,2015,329
34.4626767076861,-120.10340413713,10408,2015,198
34.4626849955318,-120.103077977258,10409,2015,362
34.462693282509,-120.102751817252,10410,2015,447
34.4627015686177,-120.102425657113,10411,2015,421
34.462830734635,-120.107980382793,10416,2015,486
34.462839034723,-120.107654223739,10417,2015,434
34.4628473339424,-120.107328064552,10418,2015,742
34.4628556322934,-120.107001905231,10419,2015,824
34.4628639297758,-120.106675745777,10420,2015,516
34.4628722263898,-120.10634958619,10421,2015,846
34.4628805221353,-120.106023426469,10422,2015,1208
34.4628888170123,-120.105697266615,10423,2015,1273
34.4628971110207,-120.105371106628,10424,2015,1894
34.4629054041607,-120.105044946507,10425,2015,2124
34.4629136964322,-120.104718786253,10426,2015,405
34.4629219878351,-120.104392625866,10427,2015,221
34.4629385680356,-120.103740304692,10429,2015,396
34.4629468568331,-120.103414143905,10430,2015,448
34.462955144762,-120.103087982985,10431,2015,472
34.4629882877928,-120.101783337973,10435,2015,251
34.463092581561,-120.108316564335,10438,2015,798
34.4631008826008,-120.107990404367,10439,2015,1781
34.4631091827722,-120.107664244266,10440,2015,961
34.463117482075,-120.107338084031,10441,2015,1063
34.4631257805093,-120.107011923663,10442,2015,1281
34.4631340780751,-120.106685763161,10443,2015,1234
34.4631423747725,-120.106359602526,10444,2015,715
34.4631506706013,-120.106033441758,10445,2015,492
34.4631589655616,-120.105707280856,10446,2015,496
34.4631672596534,-120.105381119821,10447,2015,796
34.4631755528767,-120.105054958653,10448,2015,1804
34.4631838452315,-120.104728797352,10449,2015,173
34.4631921367178,-120.104402635917,10450,2015,379
34.4632004273355,-120.104076474349,10451,2015,462
34.4632087170848,-120.103750312648,10452,2015,405
34.4633544274372,-120.108652747972,10458,2015,1302
34.4633627294289,-120.10832658709,10459,2015,2373
34.4633710305521,-120.108000426075,10460,2015,2812
34.4633793308068,-120.107674264926,10461,2015,2184
34.463387630193,-120.107348103643,10462,2015,1019
34.4633959287108,-120.107021942227,10463,2015,1319
34.4634042263599,-120.106695780678,10464,2015,674
34.4634125231406,-120.106369618996,10465,2015,392
34.4634457015782,-120.105064970932,10469,2015,539
34.4634539940163,-120.104738808583,10470,2015,287
34.4634622855859,-120.104412646101,10471,2015,359
34.4634705762869,-120.104086483485,10472,2015,156
34.4636245752072,-120.108662771908,10476,2015,1281
34.4636328772823,-120.108336609979,10477,2015,2378
34.4636411784889,-120.108010447916,10478,2015,2700
34.463649478827,-120.107684285719,10479,2015,1766
34.4636577782966,-120.107358123389,10480,2015,1096
34.4636660768977,-120.107031960926,10481,2015,449
34.4636743746302,-120.106705798329,10482,2015,131
34.4637324344394,-120.104422656418,10489,2015,280
34.4639030251211,-120.108346633001,10492,2015,296
34.4639113264111,-120.10802046989,10493,2015,782
34.4639196268326,-120.107694306646,10494,2015,827
34.4639279263856,-120.107368143268,10495,2015,677
34.4639362250701,-120.107041979757,10496,2015,304
34.4641980744601,-120.107378163281,10508,2015,190
34.4648839291005,-120.112300723626,10529,2015,231
34.4648922411468,-120.111974557927,10530,2015,240
34.4649005523245,-120.111648392094,10531,2015,264
34.4651374490001,-120.11296309298,10536,2015,334
34.465145762867,-120.1126369265,10537,2015,1029
34.4651540758653,-120.112310759887,10538,2015,1062
34.465162387995,-120.11198459314,10539,2015,667
34.4651706992562,-120.11165842626,10540,2015,428
34.4654075955833,-120.11297313147,10552,2015,646
34.4654159095337,-120.112646963943,10553,2015,1780
34.4654242226155,-120.112320796282,10554,2015,1441
34.4654325348287,-120.111994628487,10555,2015,1390
34.4654408461735,-120.111668460559,10556,2015,1539
34.4654491566496,-120.111342292498,10557,2015,656
34.4655695806718,-120.117223349401,10569,2015,302
34.465577905997,-120.116897182564,10570,2015,251
34.4656860561858,-120.112657001518,10574,2015,321
34.4656943693512,-120.11233083281,10575,2015,710
34.4657026816479,-120.112004663968,10576,2015,896
34.4657109930762,-120.111678494992,10577,2015,530
34.4657193036358,-120.111352325883,10578,2015,324
34.4657980860667,-120.118864239191,10588,2015,192
34.4658064158183,-120.118538071976,10589,2015,202
34.4658313998619,-120.117559569528,10592,2015,309
34.4658397261393,-120.117233401778,10593,2015,473
34.4658480515481,-120.116907233893,10594,2015,505
34.4658563760884,-120.116581065876,10595,2015,417
34.4658646997601,-120.116254897724,10596,2015,378
34.4659562028235,-120.112667039228,10599,2015,505
34.4659645160723,-120.112340869472,10600,2015,430
34.4660182338495,-120.120831303704,10611,2015,212
34.4660265688963,-120.120505136244,10613,2015,280
34.4660682311013,-120.11887429694,10619,2015,198
34.4660765609366,-120.118548128678,10620,2015,267
34.4660848899034,-120.118221960281,10621,2015,404
34.4660932180015,-120.117895791751,10622,2015,537
34.4661015452312,-120.117569623087,10623,2015,348
34.4661098715923,-120.117243454288,10624,2015,659
34.4661181970847,-120.116917285357,10625,2015,840
34.4661265217086,-120.116591116291,10626,2015,512
34.4661348454639,-120.116264947092,10627,2015,532
34.4661431683507,-120.115938777758,10628,2015,496
34.4662717055008,-120.121493704484,10641,2015,181
34.4662800423683,-120.121167536245,10642,2015,432
34.4662883783673,-120.120841367873,10643,2015,366
34.4662967134978,-120.120515199366,10644,2015,214
34.4663467060404,-120.118558185513,10650,2015,248
34.4663550350908,-120.118232016069,10651,2015,670
34.4663633632727,-120.117905846491,10652,2015,1042
34.4663716905859,-120.117579676779,10653,2015,1258
34.4663800170306,-120.117253506933,10654,2015,1149
34.4663883426067,-120.116927336954,10655,2015,906
34.4663966673143,-120.11660116684,10656,2015,720
34.4664049911533,-120.116274996593,10657,2015,862
34.4664133141236,-120.115948826212,10658,2015,488
34.4664299574587,-120.115296485049,10660,2015,348
34.4664382778233,-120.114970314267,10661,2015,386
34.4665168337711,-120.122482277938,10669,2015,182
34.4665418498365,-120.121503770883,10673,2015,223
34.4665501867878,-120.121177601596,10674,2015,799
34.4665585228706,-120.120851432176,10675,2015,660
34.4665668580848,-120.120525262621,10676,2015,586
34.4665751924303,-120.120199092933,10677,2015,256
34.4666085211269,-120.11889441284,10681,2015,220
34.4666168511296,-120.118568242482,10682,2015,305
34.4666251802637,-120.11824207199,10683,2015,966
34.4666335085292,-120.117915901365,10684,2015,1716
34.4666418359261,-120.117589730605,10685,2015,2258
34.4666501624545,-120.117263559712,10686,2015,1665
34.4666584881143,-120.116937388684,10687,2015,1450
34.4666668129054,-120.116611217523,10688,2015,1488
34.466675136828,-120.116285046228,10689,2015,875
34.466683459882,-120.1159588748,10690,2015,310
34.4666917820674,-120.115632703237,10691,2015,301
34.4667001033842,-120.115306531541,10692,2015,900
34.4667084238324,-120.114980359711,10693,2015,850
34.4667167434121,-120.114654187748,10694,2015,392
34.4667619537072,-120.123470856605,10701,2015,165
34.4667786373317,-120.122818517411,10703,2015,208
34.466786977841,-120.122492347613,10704,2015,476
34.4668119941577,-120.121513837415,10707,2015,312
34.4668203311928,-120.121187667081,10708,2015,683
34.4668286673593,-120.120861496613,10709,2015,775
34.4668370026572,-120.120535326011,10710,2015,833
34.4668453370865,-120.120209155275,10711,2015,806
34.4668786661179,-120.118904470991,10715,2015,280
34.4668869962043,-120.118578299585,10716,2015,626
34.466895325422,-120.118252128046,10717,2015,803
34.4669036537712,-120.117925956372,10718,2015,1752
34.4669119812518,-120.117599784565,10719,2015,1886
34.4669203078639,-120.117273612624,10720,2015,1558
34.4669286336073,-120.116947440549,10721,2015,1180
34.4669369584821,-120.11662126834,10722,2015,1130
34.4669452824883,-120.116295095997,10723,2015,296
34.4669702492953,-120.115316578167,10726,2015,358
34.4669785698271,-120.114990405289,10727,2015,251
34.4669868894903,-120.114664232278,10728,2015,355
34.4669952082849,-120.114338059133,10729,2015,566
34.4670320975111,-120.123480929558,10736,2015,156
34.4670404398415,-120.12315475898,10737,2015,394
34.4670487813032,-120.122828588269,10738,2015,376
34.4670571218964,-120.122502417423,10739,2015,413
34.467073800477,-120.121850075329,10741,2015,300
34.4670904755832,-120.1211977327,10743,2015,394
34.4670988118334,-120.120871561184,10744,2015,712
34.4671071472151,-120.120545389534,10745,2015,1168
34.4671154817281,-120.12021921775,10746,2015,970
34.4671238153726,-120.119893045832,10747,2015,809
34.4671321481484,-120.119566873781,10748,2015,361
34.4671488110944,-120.118914529276,10750,2015,250
34.4671571412644,-120.118588356822,10751,2015,744
34.4671654705659,-120.118262184235,10752,2015,1421
34.4671737989987,-120.117936011514,10753,2015,1353
34.467182126563,-120.117609838659,10754,2015,294
34.4671904532586,-120.11728366567,10755,2015,664
34.4671987790857,-120.116957492547,10756,2015,1124
34.4672071040441,-120.116631319291,10757,2015,740
34.4672938980178,-120.123817174136,10769,2015,272
34.4673022413005,-120.123491002645,10770,2015,1158
34.4673105837147,-120.123164831019,10771,2015,678
34.4673189252602,-120.12283865926,10772,2015,590
34.4673272659372,-120.122512487367,10773,2015,192
34.4673356057456,-120.122186315339,10774,2015,213
34.4673439446853,-120.121860143178,10775,2015,438
34.4673522827565,-120.121533970882,10776,2015,172
34.4673606199591,-120.121207798452,10777,2015,382
34.467368956293,-120.120881625889,10778,2015,724
34.4673772917584,-120.120555453191,10779,2015,1364
34.4673856263552,-120.12022928036,10780,2015,1054
34.4673939600834,-120.119903107394,10781,2015,1051
34.467402292943,-120.119576934295,10782,2015,746
34.46742728631,-120.118598414193,10785,2015,332
34.4674356156951,-120.118272240558,10786,2015,1802
34.4674439442117,-120.117946066789,10787,2015,932
34.4674605986389,-120.11729371885,10789,2015,309
34.4674689245496,-120.116967544679,10790,2015,1176
34.4674772495917,-120.116641370375,10791,2015,782
34.4675306595566,-120.125131937219,10801,2015,277
34.4675640417088,-120.123827248405,10808,2015,270
34.4675723850754,-120.123501075866,10809,2015,476
34.4675807275733,-120.123174903193,10810,2015,652
34.4675890692027,-120.122848730385,10811,2015,556
34.4675974099634,-120.122522557444,10812,2015,453
34.4676057498556,-120.122196384369,10813,2015,510
34.4676140888792,-120.12187021116,10814,2015,670
34.4676224270341,-120.121544037816,10815,2015,440
34.4676307643204,-120.121217864339,10816,2015,594
34.4676391007382,-120.120891690728,10817,2015,709
34.4676474362872,-120.120565516983,10818,2015,900
34.4676557709678,-120.120239343103,10819,2015,822
34.4676641047797,-120.11991316909,10820,2015,1047
34.4676724377229,-120.119586994943,10821,2015,327
34.4677057608099,-120.118282297015,10825,2015,629
34.4677140894101,-120.117956122198,10826,2015,632
34.4677224171417,-120.117629947248,10827,2015,208
34.467739069999,-120.116977596945,10829,2015,586
34.4677473951247,-120.116651421593,10831,2015,190
34.4678008028977,-120.125142015813,10843,2015,288
34.4678091498226,-120.124815842763,10844,2015,332
34.4678174958787,-120.124489669578,10845,2015,284
34.4678258410663,-120.12416349626,10846,2015,527
34.4678341853853,-120.123837322807,10847,2015,340
34.4678425288357,-120.123511149221,10848,2015,434
34.4678508714174,-120.1231849755,10850,2015,414
34.4678592131306,-120.122858801645,10852,2015,429
34.4678675539752,-120.122532627656,10854,2015,784
34.4678758939511,-120.122206453533,10855,2015,572
34.4678842330584,-120.121880279276,10856,2015,650
34.4678925712971,-120.121554104885,10857,2015,697
34.4679009086672,-120.12122793036,10858,2015,901
34.4679092451687,-120.120901755701,10859,2015,695
34.4680375495036,-120.12645678959,10879,2015,153
34.4680458999867,-120.126130616029,10881,2015,163
34.468079293233,-120.124825920443,10886,2015,232
34.468087639373,-120.124499746211,10887,2015,232
34.4681043290473,-120.123847397344,10889,2015,384
34.4681126725814,-120.12352122271,10891,2015,452
34.468121015247,-120.123195047941,10893,2015,221
34.468129357044,-120.122868873039,10895,2015,335
34.4681376979723,-120.122542698002,10897,2015,556
34.4681460380321,-120.122216522831,10899,2015,558
34.4681543772231,-120.121890347526,10900,2015,541
34.4681627155456,-120.121564172088,10901,2015,822
34.4681710529995,-120.121237996515,10902,2015,758
34.4681793895847,-120.120911820808,10903,2015,504
34.4681877253013,-120.120585644967,10904,2015,326
34.4682742815261,-120.127771569736,10924,2015,311
34.4682826355676,-120.127445395664,10926,2015,672
34.4682909887404,-120.127119221458,10928,2015,747
34.4682993410446,-120.126793047118,10930,2015,463
34.4683076924802,-120.126466872643,10932,2015,462
34.4683327415752,-120.125488348414,10937,2015,526
34.4683410895364,-120.125162173403,10939,2015,324
34.4683494366289,-120.124835998257,10940,2015,214
34.4683828163127,-120.123531296333,10944,2015,384
34.4683911590621,-120.123205120517,10946,2015,384
34.4683995009429,-120.122878944566,10948,2015,376
34.4684078419549,-120.122552768482,10951,2015,204
34.4684524714449,-120.131369574565,10960,2015,251
34.4684578697865,-120.12059570916,10961,2015,466
34.468460835125,-120.131043400923,10962,2015,383
34.4684662047182,-120.120269532138,10963,2015,320
34.4684691979365,-120.130717227147,10964,2015,289
34.4684775598794,-120.130391053236,10966,2015,289
34.4684859209537,-120.130064879191,10968,2015,489
34.4684942811593,-120.129738705012,10970,2015,454
34.4685193565646,-120.128760181668,10976,2015,479
34.4685245249182,-120.117986289229,10977,2015,241
34.4685277132959,-120.128434006951,10978,2015,316
34.4685328529007,-120.117660111136,10979,2015,254
34.4685360691585,-120.1281078321,10980,2015,505
34.4685444241524,-120.127781657115,10982,2015,1226
34.4685527782778,-120.127455481995,10984,2015,1754
34.4685611315345,-120.127129306741,10986,2015,1877
34.4685694839227,-120.126803131353,10988,2015,969
34.4685778354422,-120.12647695583,10991,2015,208
34.468586186093,-120.126150780174,10992,2015,308
34.4685945358753,-120.125824604383,10993,2015,479
34.4686028847889,-120.125498428458,10994,2015,562
34.4686112328339,-120.125172252399,10996,2015,548
34.4686195800102,-120.124846076205,10998,2015,464
34.4686446163276,-120.12386754682,11002,2015,232
34.4686529600293,-120.12354137009,11003,2015,491
34.4686613028625,-120.123215193226,11006,2015,494
34.4686696448271,-120.122889016228,11008,2015,404
34.4686779859231,-120.122562839096,11010,2015,273
34.4687226131329,-120.131379673603,11019,2015,442
34.468730976897,-120.131053498913,11021,2015,560
34.4687363492726,-120.120279595417,11022,2015,316
34.4687393397926,-120.130727324089,11023,2015,665
34.4687477018195,-120.130401149131,11025,2015,396
34.4687560629777,-120.130074974038,11027,2015,501
34.4687811412409,-120.129096447954,11031,2015,494
34.4687894989246,-120.128770272324,11032,2015,923
34.4687978557398,-120.128444096559,11034,2015,995
34.4688062116863,-120.12811792066,11036,2015,1306
34.4688145667642,-120.127791744627,11038,2015,1816
34.4688229209735,-120.12746556846,11040,2015,1760
34.4688312743142,-120.127139392158,11041,2015,1202
34.4688396267862,-120.126813215722,11043,2015,1263
34.4688479783896,-120.126487039152,11045,2015,1026
34.4688563291244,-120.126160862448,11047,2015,286
34.4688646789905,-120.125834685609,11048,2015,276
34.468873027988,-120.125508508636,11049,2015,280
34.4688813761168,-120.125182331529,11051,2015,280
34.468889723377,-120.124856154288,11053,2015,338
34.4689147599459,-120.123877621759,11058,2015,290
34.4689231037315,-120.123551443982,11059,2015,540
34.4689314466485,-120.12322526607,11061,2015,516
34.4689397886969,-120.122899088024,11063,2015,768
34.4689481298766,-120.122572909844,11065,2015,498
34.4689564701877,-120.12224673153,11067,2015,376
34.4690011186546,-120.131063597038,11075,2015,610
34.4690094816341,-120.130737421166,11077,2015,871
34.469017843745,-120.13041124516,11079,2015,563
34.4690429248659,-120.129432716336,11085,2015,450
34.4690512835023,-120.129106539792,11086,2015,1464
34.46905964127,-120.128780363114,11087,2015,1686
34.4690679981692,-120.128454186302,11088,2015,1862
34.4690763541996,-120.128128009355,11089,2015,1823
34.4690847093615,-120.127801832274,11090,2015,1193
34.4690930636547,-120.127475655059,11091,2015,1037
34.4691014170793,-120.127149477709,11092,2015,864
34.4691056465126,-120.168939962296,11093,2015,952
34.4691097696352,-120.126823300226,11094,2015,1056
34.4691181213225,-120.126497122608,11095,2015,1352
34.4691264721411,-120.126170944856,11096,2015,425
34.4691348220912,-120.125844766969,11097,2015,420
34.4691431711725,-120.125518588948,11098,2015,762
34.4691515193852,-120.125192410794,11100,2015,614
34.4691598667293,-120.124866232505,11102,2015,430
34.4691682132047,-120.124540054081,11104,2015,463
34.4691765588115,-120.124213875524,11106,2015,424
34.4691849035496,-120.123887696833,11108,2015,611
34.4691932474191,-120.123561518007,11109,2015,1049
34.4692015904199,-120.123235339047,11110,2015,1218
34.4692099325521,-120.122909159954,11111,2015,633
34.4692182738156,-120.122582980726,11112,2015,551
34.4692266142104,-120.122256801364,11113,2015,277
34.4692300984472,-120.184942393254,11114,2015,289
34.4692712603975,-120.131073695297,11122,2015,339
34.469279623461,-120.130747518378,11124,2015,566
34.469287985656,-120.130421341324,11126,2015,276
34.4693130670288,-120.129442809356,11131,2015,822
34.4693214257492,-120.129116631764,11132,2015,1210
34.4693297836009,-120.128790454039,11133,2015,1048
34.469338140584,-120.128464276178,11134,2015,1428
34.4693464966984,-120.128138098184,11135,2015,1079
34.4693548519442,-120.127811920055,11136,2015,927
34.4693632063213,-120.127485741792,11137,2015,1018
34.4693715598298,-120.127159563395,11138,2015,404
34.4693799124696,-120.126833384863,11139,2015,456
34.4693882642409,-120.126507206198,11140,2015,783
34.4693966151434,-120.126181027398,11141,2015,672
34.4694049651773,-120.125854848463,11142,2015,918
34.4694133143425,-120.125528669395,11143,2015,1456
34.4694216626391,-120.125202490192,11144,2015,847
34.469430010067,-120.124876310855,11146,2015,335
34.4694383566262,-120.124550131384,11147,2015,517
34.4694467023169,-120.124223951779,11149,2015,514
34.4695414021259,-120.131083793691,11163,2015,153
34.4695497652735,-120.130757615724,11165,2015,489
34.4695581275524,-120.130431437622,11167,2015,289
34.4695748495043,-120.129779081015,11171,2015,1121
34.4695832091772,-120.12945290251,11172,2015,2122
34.4695915679816,-120.129126723871,11173,2015,1372
34.4695999259172,-120.128800545097,11174,2015,1161
34.4696082829842,-120.12847436619,11175,2015,1086
34.4696166391826,-120.128148187147,11176,2015,1038
34.4696249945123,-120.127822007971,11177,2015,790
34.4696333489734,-120.12749582866,11179,2015,1009
34.4696417025658,-120.127169649215,11180,2015,318
34.4696500552895,-120.126843469635,11181,2015,223
34.4696584071446,-120.126517289922,11182,2015,440
34.4696667581311,-120.126191110074,11183,2015,324
34.4696751082488,-120.125864930092,11184,2015,736
34.4696834574979,-120.125538749976,11185,2015,943
34.4696918058784,-120.125212569725,11186,2015,274
34.4698115438397,-120.131093892219,11201,2015,571
34.4698199070713,-120.130767713204,11202,2015,1448
34.4698282694342,-120.130441534054,11203,2015,268
34.4698366309285,-120.13011535477,11204,2015,1313
34.4698449915541,-120.129789175352,11205,2015,3482
34.469853351311,-120.129462995799,11206,2015,2192
34.4698617101993,-120.129136816112,11207,2015,1524
34.4698700682189,-120.128810636291,11208,2015,814
34.4698784253699,-120.128484456335,11209,2015,1682
34.4698867816522,-120.128158276245,11210,2015,1418
34.4698951370659,-120.127832096021,11211,2015,488
34.4699034916109,-120.127505915662,11212,2015,282
34.4699118452872,-120.127179735169,11214,2015,316
34.4699201980949,-120.126853554542,11215,2015,1054
34.4699285500338,-120.12652737378,11216,2015,440
34.470081685539,-120.131103990881,11230,2015,355
34.4700900488546,-120.130777810818,11231,2015,299
34.4700984113015,-120.130451630621,11232,2015,484
34.4701067728798,-120.130125450289,11233,2015,2566
34.4701151335894,-120.129799269823,11234,2015,2584
34.4701234934303,-120.129473089222,11235,2015,1300
34.4701318524026,-120.129146908488,11236,2015,324
34.4701485677411,-120.128494546615,11238,2015,412
34.4701569241074,-120.128168365477,11239,2015,567
34.4701819879941,-120.127189821257,11243,2015,404
34.4701903408857,-120.126863639582,11245,2015,561
34.4703685531543,-120.130461727322,11258,2015,1084
34.4703769148165,-120.130135545942,11259,2015,1412
34.4706303323775,-120.130798006451,11285,2015,280
34.4706386949925,-120.130471824158,11286,2015,1280
34.4706470567387,-120.13014564173,11287,2015,344
34.4709088368161,-120.130481921128,11309,2015,314
34.4717297459304,-120.140634061287,11370,2015,383
34.4718487312799,-120.146515490087,11382,2015,974
34.4720082742532,-120.140318006873,11394,2015,299
34.4721188688895,-120.146525639212,11401,2015,462
34.4721272737907,-120.146199456052,11402,2015,546
34.4723890064844,-120.146535788471,11415,2015,492
34.47239741147,-120.146209604263,11416,2015,766
